mr.,1089
emma,853
could,836
would,818
mrs.,668
miss,597
must,566
harriet,489
much,484
said,483
one,447
weston,435
every,434
thing,394
elton,383
think,383
knightley,376
well,375
little,359
never,358
know,335
might,325
good,313
say,310
woodhouse,304
jane,297
quite,282
time,275
great,263
nothing,252
dear,241
always,238
man,230
fairfax,230
thought,225
soon,223
see,222
may,221
shall,216
without,214
churchill,213
frank,207
first,205
sure,201
father,199
made,199
like,197
indeed,196
ever,193
young,192
body,191
two,178
though,177
friend,174
come,171
better,170
day,160
hartfield,160
give,158
upon,157
really,153
way,152
make,151
bates,146
rather,145
long,144
hope,142
seemed,141
done,140
many,138
away,137
wish,134
poor,133
even,131
however,130
home,128
enough,128
woman,128
mind,126
highbury,124
happy,123
yes,122
going,120
heard,120
take,119
last,119
came,119
look,119
moment,118
love,116
still,115
pleasure,114
something,113
another,112
felt,111
sort,111
yet,109
morning,109
saw,108
letter,107
till,102
believe,102
certainly,101
feelings,101
half,100
idea,99
hear,99
doubt,98
speak,98
perhaps,98
subject,95
feel,95
people,94
ought,94
evening,93
party,93
found,92
word,92
deal,92
house,92
often,91
looked,91
want,90
let,90
john,89
right,88
knew,88
smith,88
randalls,88
almost,88
place,88
coming,87
present,87
visit,85
possible,84
martin,84
least,84
best,83
old,83
room,83
friends,82
suppose,81
world,80
together,80
gone,79
else,79
cried,79
replied,78
told,78
perry,78
tell,77
given,77
life,76
family,76
hour,76
obliged,76
kind,76
manner,75
find,75
happiness,75
wanted,74
whole,73
seen,73
lady,71
able,71
nobody,71
hardly,71
far,70
short,70
isabella,69
side,69
opinion,69
immediately,69
less,68
left,68
part,68
get,67
understand,67
mother,67
wife,67
towards,66
perfectly,66
talked,66
extremely,66
person,65
heart,65
since,65
pretty,65
ready,65
carriage,65
general,65
back,65
sir,65
afraid,65
situation,64
spirits,64
true,64
began,64
answer,64
three,64
either,64
comfort,64
whether,64
set,63
marry,63
next,63
acquaintance,63
looking,62
therefore,62
things,62
put,62
course,61
daughter,61
change,61
thinking,60
sorry,60
talk,60
dare,59
others,59
assure,59
attention,59
cole,59
taken,58
longer,58
goddard,57
exactly,57
mean,57
children,57
superior,57
feeling,56
leave,56
years,56
sense,56
aunt,56
state,56
bad,56
equal,56
chapter,56
known,56
return,56
imagine,55
business,55
account,55
name,55
brought,54
cold,54
beyond,54
gave,54
passed,54
degree,54
manners,53
minutes,53
talking,53
brother,53
walk,53
walked,52
hand,52
read,52
bear,52
saying,51
natural,51
seeing,51
among,51
point,51
campbell,51
satisfied,50
care,50
directly,50
usual,50
used,50
agreeable,50
making,50
eyes,50
rest,49
wonder,49
affection,49
days,49
glad,49
donwell,49
words,49
means,48
remember,48
appeared,48
attachment,48
end,48
allow,47
society,47
voice,47
wished,47
took,47
believed,46
went,46
speaking,46
interest,46
near,46
girl,46
particularly,46
giving,46
pleased,46
walking,45
full,45
ladies,45
air,45
likely,45
london,45
married,45
smile,44
door,44
strong,44
stay,44
already,44
called,44
meant,43
ask,43
hoped,43
farther,43
respect,43
regard,43
taylor,43
spoke,42
son,42
real,42
need,42
call,42
character,42
fine,42
proper,42
dinner,42
conversation,42
delightful,41
ill,41
early,41
different,41
dixon,41
afterwards,41
allowed,40
power,40
consider,40
impossible,40
reason,40
thank,40
pleasant,40
beginning,40
particular,40
weather,40
wrong,39
object,39
creature,39
sometimes,39
letters,39
night,39
entirely,39
help,39
whose,39
round,39
meeting,39
settled,39
expected,39
fond,39
question,39
asked,38
child,38
open,38
handsome,38
returned,38
continued,38
bring,38
five,38
colonel,38
neither,38
met,38
kindness,38
use,38
sit,38
sat,37
truth,37
fortune,37
seem,37
thoughts,37
sitting,37
head,37
fancy,37
convinced,37
added,37
nature,36
engaged,36
determined,36
received,36
appear,36
probably,36
necessary,36
new,36
got,36
news,36
enscombe,36
surprize,36
marriage,35
amiable,35
temper,35
supposed,35
common,35
please,35
forward,35
company,34
perfect,34
husband,34
circumstance,34
comfortable,34
excellent,34
taste,34
health,34
men,33
wanting,33
large,33
sent,33
within,33
keep,33
acquainted,33
absolutely,33
dancing,33
pass,32
face,32
sister,32
evil,32
robert,32
charming,32
meet,32
pain,32
papa,32
hearing,32
obliging,32
except,32
meaning,32
circumstances,31
grove,31
case,31
smiling,31
anxious,31
compliment,31
ago,31
gentleman,31
mrs,31
surprized,31
maple,31
persuaded,31
resolution,31
difference,31
praise,31
serious,31
says,31
ten,31
spoken,30
small,30
worth,30
months,30
delighted,30
begin,30
danger,30
matter,30
interesting,30
appearance,30
difficulty,30
knows,30
second,29
beauty,29
fair,29
turned,29
followed,29
ball,29
gratitude,29
actually,29
merely,29
none,29
yesterday,29
greater,29
greatest,29
week,29
attentions,28
easy,28
whenever,28
excuse,28
cheerful,28
shew,28
warm,28
forget,28
eye,28
judgment,28
times,28
turn,28
looks,28
engagement,27
honour,27
understanding,27
certain,27
view,27
year,27
notice,27
curiosity,27
decided,27
companion,27
late,27
ashamed,27
loved,27
occasion,27
resolved,27
advantage,27
happened,27
satisfaction,27
worse,27
style,27
clever,27
fortunate,27
instead,27
pity,26
to-morrow,26
crown,26
alone,26
knowing,26
aware,26
regret,26
tried,26
mentioned,26
completely,26
marrying,26
knowledge,26
taking,26
match,26
spirit,26
tea,26
friendship,26
consequence,26
elegant,25
sad,25
hours,25
it.,25
plan,25
sight,25
odd,25
led,25
silent,25
campbells,25
lived,25
distance,25
attached,25
depend,25
favour,25
sake,25
especially,25
sensible,25
pay,25
extraordinary,25
conduct,25
judge,25
to-day,25
quiet,25
pray,25
music,24
vain,24
chuse,24
influence,24
instrument,24
beautiful,24
guess,24
seems,24
struck,24
consideration,24
entered,24
highly,24
tone,24
write,24
comes,24
_she_,24
hurry,24
justice,24
turning,24
mine,24
generally,24
disposition,24
admiration,24
spite,24
behaviour,24
abbey,24
four,23
altogether,23
quarter,23
note,23
thinks,23
also,23
send,23
standing,23
fact,23
gentlemen,23
trying,23
event,23
scheme,23
hands,23
loss,23
box,23
town,23
purpose,23
favourite,23
plain,23
join,23
henry,23
quick,23
written,23
horses,23
became,23
due,23
understood,23
proof,23
table,23
service,22
observe,22
eltons,22
couple,22
age,22
kept,22
caught,22
enjoyment,22
blush,22
william,22
telling,22
pianoforte,22
mistaken,22
claims,22
answered,22
presently,22
pleasing,22
uncle,22
picture,22
hill,22
her.,21
country,21
summer,21
parties,21
information,21
likeness,21
inclination,21
try,21
observed,21
dance,21
invitation,21
scarcely,21
weeks,21
niece,21
approbation,21
suspect,21
wait,21
useful,21
secret,21
spent,21
hopes,21
rain,21
intimacy,21
duty,21
stand,21
agreed,21
encouragement,21
promise,21
_her_,20
ease,20
respectable,20
disagreeable,20
suspicion,20
imagined,20
complete,20
past,20
connexion,20
charade,20
lately,20
safe,20
reasonable,20
whatever,20
silence,20
nonsense,20
recommend,20
attempt,20
delight,20
consciousness,20
considering,20
sudden,20
disappointed,20
smallest,20
fixed,20
otherwise,20
fault,20
bath,20
disposed,20
deserve,20
expect,20
sweet,20
wishes,20
women,20
dearest,20
tired,19
fortnight,19
busy,19
offer,19
angry,19
_you_,19
eager,19
makes,19
high,19
delay,19
hawkins,19
chance,19
work,19
sigh,19
forgotten,19
wrote,19
lost,19
anxiety,19
paid,19
n't,19
unhappy,19
mention,19
calling,19
passing,19
thoroughly,19
considered,19
hint,19
worst,19
distress,19
lose,19
safely,19
james,19
listen,18
single,18
play,18
occurred,18
move,18
desirable,18
happily,18
rational,18
severe,18
low,18
dreadful,18
close,18
friendly,18
reflection,18
equally,18
credit,18
opportunity,18
form,18
living,18
behind,18
speech,18
road,18
important,18
spend,18
lines,18
worthy,18
pride,18
charge,18
period,18
thrown,18
finding,18
joy,18
possibly,17
recollect,17
prevent,17
besides,17
joined,17
warmly,17
considerable,17
miles,17
confidence,17
command,17
promised,17
live,17
remained,17
concern,17
history,17
circle,17
shewed,17
effect,17
regular,17
run,17
growing,17
wishing,17
views,17
countenance,17
disappointment,17
weymouth,17
simple,17
amused,17
exercise,17
inferior,17
difficulties,17
slight,17
repeated,17
returning,17
gives,17
arrived,17
assured,16
coles,16
minute,16
admired,16
seriously,16
future,16
ways,16
thousand,16
intended,16
fire,16
agitation,16
suffering,16
line,16
vicarage,16
dislike,16
gentle,16
listened,16
mere,16
indifferent,16
mistake,16
welcome,16
trouble,16
opened,16
proved,16
somebody,16
fully,16
liked,16
smiled,16
arrangement,16
cause,16
education,16
alarm,16
occupied,16
cut,16
laughing,16
reached,16
laugh,16
delicacy,16
snow,16
ideas,16
waiting,16
getting,16
neighbourhood,15
prepared,15
agree,15
refuse,15
concerned,15
chosen,15
invited,15
placed,15
nephew,15
drawn,15
conviction,15
interested,15
grateful,15
apples,15
absence,15
belong,15
smiles,15
stop,15
reading,15
comprehend,15
totally,15
stood,15
share,15
churchills,15
value,15
elegance,15
confusion,15
tolerably,15
drawing-room,15
dine,15
anywhere,15
express,15
opening,15
hold,14
master,14
rich,14
ground,14
instantly,14
former,14
act,14
immediate,14
indifference,14
spring,14
fresh,14
produced,14
drawing,14
rooms,14
naturally,14
order,14
powers,14
musical,14
assistance,14
acknowledge,14
receiving,14
gratified,14
seldom,14
stopped,14
hundred,14
aye,14
required,14
following,14
servants,14
infinitely,14
vanity,14
ford,14
staying,14
nearly,14
undoubtedly,14
consent,14
visits,14
deep,14
remain,14
advice,14
easily,14
compliments,14
ireland,14
cure,14
explanation,14
hair,14
persuade,14
suckling,14
laughed,14
catch,14
proposed,14
escape,14
passage,14
reply,14
expectation,14
strange,14
endeavour,14
_i_,14
caution,13
fit,13
excepting,13
endure,13
solicitude,13
evidently,13
winter,13
possibility,13
prospect,13
merit,13
around,13
paper,13
sensations,13
richmond,13
avoid,13
neighbours,13
compassion,13
break,13
strength,13
leisure,13
appears,13
amusement,13
increase,13
blind,13
burst,13
wonderful,13
suspected,13
you.,13
month,13
unpleasant,13
expecting,13
utmost,13
objection,13
fears,13
piece,13
girls,13
proceeded,13
particulars,13
assist,13
public,13
favourable,13
suffer,13
harm,13
tender,13
invite,13
boys,13
decidedly,13
willing,13
madam,13
imagination,13
grandmama,13
good-will,13
admitted,13
parting,13
habit,13
civil,13
arrival,13
follow,13
story,13
intelligence,13
arm,13
fast,13
nash,13
attend,13
martins,13
light,13
fancying,13
exclaimed,12
doors,12
settle,12
drive,12
formed,12
lively,12
patty,12
suit,12
sooner,12
excessively,12
moments,12
increased,12
become,12
warmth,12
becoming,12
advantages,12
size,12
breakfast,12
truly,12
complexion,12
inquiry,12
touch,12
journey,12
probability,12
bride,12
nay,12
melancholy,12
confess,12
beg,12
claim,12
importance,12
eat,12
silly,12
observation,12
frightened,12
happen,12
boy,12
_him_,12
venture,12
spare,12
arranged,12
misery,12
awkward,12
habits,12
hard,12
declare,12
seated,12
preference,12
thorough,12
private,12
finished,12
sisters,12
acknowledged,12
suspicions,12
intercourse,12
blessing,12
rate,12
proceed,12
wretched,12
induced,12
questions,12
gallantry,12
peace,12
impatient,12
desired,12
larkins,12
sea,12
thus,12
earnestly,12
begun,12
bringing,11
message,11
borne,11
exploring,11
eagerly,11
chair,11
accomplished,11
conscious,11
folly,11
carriages,11
keeping,11
accept,11
continue,11
lane,11
garden,11
compared,11
glance,11
lay,11
subjects,11
reserve,11
families,11
humble,11
thanks,11
ma'am,11
brunswick,11
prove,11
window,11
dream,11
steady,11
cared,11
_that_,11
_not_,11
kindly,11
clear,11
step,11
wit,11
gallant,11
disengaged,11
connected,11
places,11
square,11
faults,11
differently,11
mistress,11
tells,11
points,11
judged,11
lovely,11
human,11
patience,11
mile,11
suffered,11
quarrel,11
persuasion,11
maid,11
seat,11
sound,11
mortification,11
youth,11
nervous,11
feared,11
raise,11
forced,11
peculiarly,11
extreme,11
wholly,11
harriet's,11
comfortably,11
throat,11
partner,11
exceedingly,11
add,11
housekeeper,11
entreat,11
school,11
writing,11
laid,11
independence,11
scruple,11
companions,11
christmas,11
remarkably,11
pork,11
fear,11
intelligible,11
succeeded,11
paying,11
persons,11
confined,11
highest,11
separate,11
recovered,11
advise,11
dependence,11
six,11
material,11
affections,11
closed,11
lead,11
hot,10
positively,10
tempted,10
forming,10
apparent,10
pretend,10
syllable,10
wants,10
superiority,10
intimate,10
attentive,10
england,10
delicate,10
writes,10
death,10
necessity,10
deserved,10
resources,10
expressed,10
receive,10
pause,10
lucky,10
selina,10
rule,10
miserable,10
wingfield,10
asking,10
absent,10
perceived,10
satisfy,10
occur,10
produce,10
improvement,10
uneasy,10
comparison,10
him.,10
bustle,10
seeming,10
safety,10
feels,10
grew,10
properly,10
ordered,10
draw,10
felicity,10
bed,10
admit,10
addition,10
_me_,10
me.,10
fell,10
daily,10
grow,10
tall,10
shewn,10
middle,10
money,10
sunk,10
fall,10
distinct,10
playing,10
pains,10
charm,10
resolve,10
matters,10
putting,10
preferred,10
unless,10
proposal,10
certainty,10
parted,10
direct,10
watch,10
report,10
removed,10
humour,10
memory,10
secured,10
agitated,10
connexions,10
accepted,10
begged,10
_very_,10
deeply,10
simplicity,10
inquiries,10
inconvenience,10
higher,10
dared,10
gradually,10
refused,10
consolation,10
evils,10
employment,10
nice,10
happier,10
leaving,10
united,10
interrupted,10
sentiment,10
deceived,10
cross,10
scruples,10
presume,10
conveyed,10
eagerness,10
admire,9
increasing,9
civilities,9
fix,9
sixteen,9
recommended,9
trusted,9
fairly,9
supper,9
opinions,9
previous,9
beloved,9
choice,9
falling,9
address,9
addressing,9
illness,9
tears,9
expression,9
pretence,9
luck,9
reproach,9
number,9
failed,9
pleasures,9
gruel,9
concealment,9
carrying,9
doubtful,9
sufficiently,9
shut,9
behaved,9
quitted,9
secure,9
continual,9
terms,9
independent,9
turns,9
convince,9
sacrifice,9
troublesome,9
inquire,9
valuable,9
quickness,9
doubted,9
dread,9
held,9
heavy,9
court-plaister,9
unreasonable,9
collected,9
success,9
shewing,9
ignorant,9
resumed,9
instance,9
intentions,9
employed,9
hurrying,9
distant,9
pardon,9
moving,9
visitor,9
uneasiness,9
liberty,9
shame,9
parish,9
liberal,9
supposing,9
conceal,9
fancied,9
mad,9
shake,9
language,9
quietly,9
exquisite,9
engagements,9
foolish,9
surry,9
sink,9
talent,9
named,9
reserved,9
loves,9
concerns,9
perfection,9
progress,9
soft,9
prevented,9
encouraging,9
rank,9
honourable,9
ran,9
grandmother,9
tolerable,9
setting,9
figure,9
speaks,9
plans,9
attended,9
resentment,9
relief,9
stopt,9
communication,9
hesitation,9
windows,9
affectionate,9
civility,9
motive,9
income,9
chose,9
bye,9
grounds,9
sufficient,9
supply,9
sick,9
knightley.,9
book,9
hurt,8
mortified,8
played,8
spectacles,8
birth,8
crowd,8
support,8
constantly,8
talents,8
proud,8
attraction,8
entering,8
'oh,8
watched,8
dress,8
missed,8
introduction,8
grace,8
prospects,8
pressed,8
error,8
earnest,8
governess,8
street,8
stronger,8
principal,8
bristol,8
neighbour,8
pleasantly,8
passion,8
evident,8
earlier,8
forty,8
grave,8
cox,8
astonished,8
o'clock,8
ended,8
dreadfully,8
introduce,8
hall,8
hurried,8
staid,8
cares,8
throw,8
describe,8
suited,8
takes,8
houses,8
older,8
abroad,8
dull,8
comforts,8
frequently,8
farm,8
precious,8
indignation,8
tongue,8
strawberries,8
protest,8
post-office,8
reconciled,8
frequent,8
overcome,8
afforded,8
distinction,8
warmest,8
unnecessary,8
shop,8
eldest,8
acceptable,8
yorkshire,8
interference,8
assurance,8
_we_,8
carry,8
communicated,8
judging,8
offered,8
expressing,8
expressions,8
parcel,8
composure,8
acting,8
tiresome,8
twenty,8
contrary,8
depended,8
decision,8
remembrance,8
excuses,8
entire,8
trifling,8
south,8
vulgar,8
instant,8
fellow,8
matrimony,8
introduced,8
dangerous,8
dressed,8
baked,8
delightfully,8
enjoy,8
attending,8
shook,8
elizabeth,8
enter,8
aloud,8
god,8
mixture,8
wedding,8
temptation,8
discovery,8
trust,8
several,8
kingston,8
heat,8
displeased,8
amuse,8
farmer,8
cheerfully,8
smallridge,8
apologies,8
encouraged,8
grieved,8
rose,8
westons,8
observing,8
forbearance,8
leading,8
larger,8
coolly,8
hitherto,8
watching,8
english,8
recollection,8
danced,8
conclusion,8
substance,7
midst,7
blushed,7
forgive,7
amusing,7
employ,7
coldness,7
disparity,7
steps,7
gown,7
wherever,7
spot,7
opposite,7
endured,7
presumption,7
dark,7
sanguine,7
sweetness,7
autumn,7
flutter,7
symptoms,7
unequal,7
rivet,7
approaching,7
churchill's,7
forgetting,7
hoping,7
occupy,7
partial,7
engage,7
abbey-mill,7
greatly,7
destiny,7
alliance,7
gardens,7
horror,7
office,7
affected,7
schemes,7
observations,7
enjoyed,7
happiest,7
depends,7
bore,7
guessed,7
unwilling,7
emma's,7
sending,7
sincerely,7
hastily,7
anger,7
offering,7
treatment,7
listening,7
twelve,7
moved,7
conscience,7
foot,7
occasions,7
horse,7
distressing,7
parade,7
eating,7
escaped,7
sentiments,7
measure,7
ill.,7
precisely,7
spared,7
tuesday,7
thanked,7
broad,7
lives,7
active,7
guests,7
personal,7
indulge,7
taught,7
features,7
peculiar,7
preparation,7
perceive,7
grown,7
unfortunate,7
blindness,7
unwell,7
wealth,7
description,7
shocked,7
performance,7
pair,7
corner,7
distinctly,7
declared,7
across,7
declaration,7
blessed,7
readily,7
numbers,7
stir,7
blunder,7
engaging,7
insufferable,7
visiting,7
morrow,7
source,7
errand,7
shock,7
objects,7
fetch,7
february,7
domestic,7
recommendation,7
rendered,7
female,7
wise,7
establishment,7
ceremony,7
saturday,7
announce,7
approach,7
improve,7
expense,7
quickly,7
spread,7
apprehension,7
barouche-landau,7
detained,7
impression,7
constitution,7
propriety,7
white,7
require,7
cease,7
strongly,7
induce,7
arise,7
chiefly,7
shade,7
unexceptionable,7
fallen,7
alike,7
reach,7
declined,7
daughters,7
fairfax.,7
complaint,7
cautious,7
upright,7
abominable,7
apt,7
indulgence,7
parlour,7
bragge,7
alarmed,7
nearer,7
brain,7
merits,7
difficult,7
approve,7
church,7
june,7
knightleys,7
intention,7
goodness,7
lord,6
sinking,6
recollections,6
unjust,6
travel,6
wine,6
distinguishing,6
disturbed,6
imprudent,6
meetings,6
heartily,6
'no,6
result,6
extent,6
exertion,6
good-humoured,6
shaken,6
raised,6
good-natured,6
brilliant,6
prefer,6
wondering,6
afford,6
matches,6
neglect,6
depressed,6
slow,6
liable,6
motives,6
dirty,6
sensibility,6
condition,6
prevailed,6
action,6
prompt,6
cheerfulness,6
rapidly,6
dining-room,6
shocking,6
accepting,6
adjoining,6
deserves,6
amiss,6
leg,6
acquit,6
opposing,6
baby,6
charity,6
thin,6
books,6
length,6
woodhouse's,6
conclude,6
of.,6
smooth,6
doubts,6
saved,6
triumph,6
notions,6
law,6
ceased,6
latter,6
sun,6
born,6
servant,6
vexation,6
blame,6
offence,6
politeness,6
cottage,6
foreseen,6
rude,6
contrived,6
anticipated,6
slighted,6
approved,6
meanwhile,6
recommendations,6
probable,6
damp,6
censure,6
provoking,6
lips,6
nerves,6
authority,6
crossed,6
sought,6
front,6
entertainment,6
attack,6
affair,6
betrayed,6
slowly,6
skill,6
fate,6
belonged,6
warmer,6
liking,6
rejoice,6
blunders,6
vast,6
force,6
drew,6
plea,6
purchase,6
principles,6
professions,6
seek,6
attempts,6
unworthy,6
suggested,6
height,6
neat,6
seven,6
save,6
afternoon,6
talker,6
here.,6
entreaties,6
contented,6
waited,6
capable,6
repent,6
creatures,6
pressing,6
existence,6
reflections,6
courage,6
half-hour,6
gay,6
openly,6
excited,6
resolutely,6
remembered,6
satisfactory,6
directed,6
unreserve,6
constant,6
denying,6
calmness,6
moderate,6
remark,6
conceit,6
composed,6
hints,6
collection,6
continually,6
exclaim,6
joke,6
blessings,6
indeed.,6
regrets,6
risk,6
conceive,6
property,6
changed,6
ventured,6
glow,6
flow,6
situations,6
anxiously,6
twice,6
penance,6
submitted,6
gentility,6
weak,6
drawback,6
social,6
attempted,6
longed,6
cool,6
goes,6
water,6
compare,6
match-making,6
accommodation,6
necessarily,6
season,6
unfortunately,6
suspense,6
dining,6
animation,6
later,6
professed,6
direction,6
guided,6
rising,6
lace,6
removal,6
exertions,6
various,6
creating,6
ample,6
tenderness,6
sensation,6
_one_,6
inclined,6
sore,6
invitations,6
respects,6
hence,6
plainly,6
deny,6
herself.,6
gipsies,6
feature,5
effects,5
misfortune,5
gilbert,5
affairs,5
mouth,5
nicely,5
fail,5
privilege,5
boiled,5
succeeding,5
losing,5
despair,5
congratulations,5
speculation,5
yards,5
working,5
introducing,5
refrain,5
arriving,5
shawl,5
ridiculous,5
altered,5
alarming,5
card-room,5
downright,5
stranger,5
moreover,5
original,5
contrast,5
november,5
learn,5
travelling,5
propose,5
consult,5
ungrateful,5
self,5
retired,5
preparing,5
sucklings,5
sex,5
outward,5
barely,5
owed,5
mortifying,5
communications,5
momentary,5
seclusion,5
spending,5
chat,5
finery,5
involved,5
exciting,5
pencil,5
balls,5
inferiority,5
scene,5
system,5
wretchedness,5
guessing,5
incessant,5
forgiven,5
gained,5
variety,5
established,5
pursuit,5
obtained,5
study,5
fever,5
hasty,5
'ye,5
penetration,5
forth,5
carried,5
oppose,5
painful,5
convenient,5
notion,5
resemblance,5
confirmed,5
flatter,5
congratulate,5
_he_,5
interval,5
horseback,5
devoted,5
terror,5
entrance,5
paused,5
discussion,5
thankful,5
january,5
obligation,5
honest,5
angel,5
recover,5
self-command,5
justified,5
article,5
madness,5
trick,5
raptures,5
noble,5
benefit,5
start,5
unwelcome,5
evenings,5
restored,5
thoughtful,5
hodges,5
decide,5
deficient,5
handwriting,5
offended,5
phrase,5
persuading,5
emma.,5
lament,5
abruptly,5
likes,5
described,5
determination,5
pace,5
animated,5
sofa,5
kind-hearted,5
faith,5
requires,5
manage,5
agreeably,5
remains,5
becomes,5
ostler,5
admirer,5
attach,5
unsuspicious,5
assurances,5
_your_,5
envy,5
ill-humour,5
horrible,5
cordial,5
impatience,5
ear,5
affect,5
convenience,5
unwholesome,5
calm,5
expose,5
rights,5
defer,5
loud,5
gentlemanlike,5
lower,5
modern,5
principle,5
coxes,5
now.,5
commission,5
exception,5
qualities,5
dignity,5
somehow,5
apology,5
praised,5
die,5
excellence,5
effort,5
avoiding,5
arrive,5
pointed,5
answering,5
black,5
relative,5
according,5
unusual,5
sincere,5
sleeping,5
gates,5
astonishment,5
voluntarily,5
_his_,5
mixed,5
decisive,5
selfish,5
sufferings,5
tranquillity,5
promising,5
gravely,5
prudence,5
blood,5
mystery,5
suspecting,5
treated,5
'you,5
dances,5
shape,5
three-and-twenty,5
bit,5
strongest,5
continuing,5
compose,5
uncomfortable,5
assisted,5
safer,5
principally,5
procuring,5
native,5
awkwardness,5
holds,5
trembling,5
cutting,5
announced,5
approached,5
sorrowful,5
finest,5
acquiescence,5
lover,5
visited,5
eight,5
pattern,5
otway,5
recommending,5
convey,5
noise,5
coachman,5
guard,5
draught,5
rise,5
softened,5
encounter,5
solemn,5
supplied,5
grief,5
abundance,5
powerful,5
lasting,5
sighing,5
free,5
kinder,5
fashion,5
plenty,5
entertaining,5
earth,5
disgust,5
resist,5
stopping,5
containing,5
mentioning,5
dearer,5
appearing,5
displeasure,5
steadily,5
slightest,5
glancing,5
offers,5
nodding,5
catching,5
motion,5
cards,5
urge,5
visitors,5
granted,5
check,5
refusal,5
provided,5
quitting,5
mischief,5
included,5
calls,5
song,5
suddenly,5
presumed,5
occasionally,5
acknowledging,5
september,5
candour,5
relate,5
sympathy,5
relieved,5
exert,5
betray,5
succeed,5
bateses,5
uncertainty,5
speedily,5
allowing,5
seized,5
drinking,5
distressed,5
possession,5
negligent,5
harriet.,5
remove,5
acknowledgment,5
accent,5
class,5
chances,5
repetition,5
unlike,5
fearful,5
mutual,5
eligible,4
meadows,4
cordially,4
errors,4
inducement,4
unwillingness,4
brings,4
example,4
absolute,4
destined,4
ballroom,4
endeavoured,4
welcomed,4
concurrence,4
prize,4
series,4
threatened,4
universally,4
exultation,4
tree,4
idle,4
well.,4
dozen,4
wholesome,4
four-and-twenty,4
touched,4
counsel,4
union,4
thing.,4
exclaiming,4
so.,4
wedding-day,4
irresistible,4
whoever,4
exact,4
tear,4
positive,4
opposed,4
approving,4
valued,4
divided,4
tendency,4
strengthened,4
proving,4
argument,4
aside,4
lawn,4
gratefully,4
riddle,4
gaiety,4
considers,4
preparatory,4
october,4
walks,4
tranquil,4
blinded,4
accounts,4
impossibility,4
welfare,4
causes,4
concluding,4
experience,4
attendance,4
objections,4
trade,4
truths,4
operation,4
moderately,4
stairs,4
beforehand,4
fireside,4
tete-a-tete,4
occupation,4
writer,4
resent,4
charmingly,4
acted,4
sing,4
firm,4
parents,4
wives,4
formal,4
pale,4
exposed,4
considerably,4
graciously,4
likewise,4
graceful,4
invalid,4
fewer,4
bend,4
intelligent,4
accompanied,4
irritation,4
witness,4
tempt,4
owned,4
injustice,4
whispering,4
steadiness,4
disdain,4
discoveries,4
concealing,4
colour,4
generous,4
wet,4
imaginary,4
deficiency,4
irish,4
rightly,4
inn,4
prosperous,4
occasioned,4
adopt,4
eighteen,4
provide,4
misconduct,4
bank,4
amazement,4
shrubbery,4
recovering,4
thick,4
rejected,4
luxury,4
inferred,4
degradation,4
_my_,4
collecting,4
wright,4
cooler,4
ungracious,4
honoured,4
pays,4
accordingly,4
generosity,4
inquiring,4
promises,4
brothers,4
reception,4
discover,4
perplexity,4
alertness,4
trial,4
usually,4
intently,4
hesitated,4
hears,4
december,4
fortunately,4
allowable,4
consulting,4
trifle,4
first-rate,4
prompted,4
avoided,4
space,4
inevitable,4
striking,4
artless,4
windsor,4
discovered,4
proportion,4
unfit,4
_them_,4
finish,4
fruit,4
pounds,4
thither,4
surrounded,4
indubitable,4
heaven,4
witnessed,4
amount,4
producing,4
pushed,4
unlucky,4
bless,4
elder,4
unexpected,4
perturbation,4
flattery,4
hesitating,4
headache,4
labour,4
perseverance,4
gloves,4
along,4
grand,4
clearness,4
insolent,4
retirement,4
questioned,4
wiser,4
confessing,4
surmise,4
taylor's,4
resolving,4
compassionate,4
plays,4
conceited,4
benevolence,4
examining,4
apprehensive,4
singing,4
cheeks,4
announcing,4
dropt,4
hesitate,4
bathing,4
shaking,4
be.,4
relations,4
astonishing,4
solicitous,4
intending,4
key,4
minds,4
quit,4
senses,4
appearances,4
privations,4
'my,4
'mr,4
restore,4
proofs,4
before.,4
reaching,4
she.,4
gain,4
contained,4
deemed,4
dry,4
suitable,4
colds,4
amazing,4
third,4
maintain,4
roast,4
conjectures,4
denied,4
ill-health,4
dwelt,4
dwell,4
somewhat,4
deserving,4
spoiled,4
explain,4
ignorance,4
basin,4
regretted,4
sentence,4
unfair,4
regarded,4
boasted,4
deaf,4
formerly,4
jealousy,4
agreeing,4
handed,4
died,4
happening,4
blushing,4
mild,4
mill,4
anticipation,4
advised,4
confused,4
basket,4
shoes,4
killed,4
correct,4
advance,4
thoughtless,4
voices,4
flattered,4
drawings,4
yield,4
stupid,4
maintained,4
mark,4
measles,4
residence,4
running,4
been.,4
amazed,4
extensive,4
son-in-law,4
downstairs,4
woodhouses,4
talks,4
preserved,4
enjoying,4
ribbon,4
speeches,4
narrow,4
sanction,4
handsomely,4
bloom,4
misunderstandings,4
fortitude,4
indebted,4
swisserland,4
goodwill,4
charitable,4
materially,4
chuses,4
separation,4
throughout,4
settling,4
indulging,4
complaints,4
husbands,4
fatigued,4
bid,4
addressed,4
consequently,4
consulted,4
prevail,4
implied,4
ride,4
train,4
iii,4
midsummer,4
varied,4
flattering,4
fondly,4
unlikely,4
apparently,4
mix,4
chaise,4
procure,4
request,4
sorrow,4
promoted,4
injured,4
destroy,4
inviting,4
discretion,4
assuming,4
whisper,4
wedding-cake,4
hate,4
assembled,4
conjecture,4
humph,4
blue,4
path,4
punishment,4
overpowered,4
sickly,4
expectations,4
driving,4
perception,4
unaffected,4
delays,4
vexed,4
comprehension,4
uncommon,4
lessen,4
sincerity,4
shortly,4
zeal,4
proceeding,4
permitted,4
presence,4
level,4
entertain,4
crisis,4
naivete,4
equality,4
liveliness,4
origin,4
george,4
disinterested,4
alas,4
good-nature,4
cleared,4
quantity,4
subsequent,4
his.,4
careful,4
life.,4
contrive,4
arose,4
longing,4
model,4
complain,4
kingdom,4
oftener,4
subdued,4
determine,4
account.,4
promote,4
_now_,4
glimpse,4
belonging,4
design,4
directions,4
charades,4
airing,4
alter,4
nephews,4
inequality,4
weight,4
wondered,4
teach,4
blank,4
amends,4
bad.,4
activity,4
insensible,4
improper,4
rid,4
cheer,4
scrupulous,4
selfishness,4
whims,4
repeatedly,4
gratifying,4
concluded,4
youngest,4
explore,4
confession,4
hazard,4
related,4
indulged,4
additional,4
latest,4
_just_,4
utter,4
astley,4
thousands,4
ones,4
marries,4
cruel,4
_must_,4
bought,4
embarrassment,4
declining,4
one-and-twenty,4
improved,4
gets,4
disagree,4
perpetual,4
exceed,4
hush,4
boot,4
yellow,3
hanging,3
snowing,3
disturb,3
explained,3
successful,3
hesitatingly,3
wind,3
admirable,3
easier,3
encourage,3
foundation,3
checked,3
xii,3
xiv,3
bitter,3
sure.,3
them.,3
expediency,3
playfulness,3
xvi,3
preserve,3
letting,3
quarrelling,3
viii,3
elevation,3
disagreement,3
stept,3
bottom,3
pondered,3
stokes,3
restlessness,3
slightly,3
beings,3
intent,3
rousing,3
occurrence,3
coxcomb,3
virtue,3
thanking,3
applications,3
quarrelled,3
solitary,3
owing,3
modest,3
emotion,3
representing,3
unsuitable,3
blockhead,3
guarded,3
rejoiced,3
mutton,3
ostensible,3
reigns,3
loudly,3
caring,3
breath,3
practised,3
fame,3
_is_,3
conversable,3
joyful,3
practicable,3
endeavouring,3
admiring,3
puzzled,3
ingratitude,3
sang,3
method,3
vii,3
disgraced,3
attitude,3
saucy,3
hereafter,3
demure,3
fuller,3
amusement.,3
fairfax's,3
understands,3
wrapt,3
dependent,3
river,3
hardship,3
silenced,3
owes,3
beautifully,3
rules,3
alert,3
recent,3
oddest,3
disorder,3
curious,3
behave,3
encumbrance,3
submit,3
custom,3
retract,3
oblige,3
softer,3
poverty,3
complying,3
feelingly,3
gladly,3
rode,3
sitting-room,3
watering-place,3
alloy,3
beneath,3
surely,3
false,3
trusting,3
clearly,3
chief,3
device,3
perceiving,3
rough,3
trivial,3
familiar,3
contemptible,3
allusion,3
once.,3
quickest,3
serle,3
denial,3
wisest,3
infinite,3
practise,3
checking,3
recur,3
_to_,3
complacency,3
suits,3
bearing,3
denote,3
nursed,3
behold,3
again.,3
lasted,3
rapid,3
effectually,3
bewildered,3
total,3
elegantly,3
fanciful,3
disappoint,3
spruce-beer,3
somewhere,3
bread,3
caprice,3
airs,3
airy,3
mercy,3
guilt,3
accompany,3
genuine,3
completed,3
calculated,3
explanations,3
miserably,3
draws,3
cow,3
duties,3
excite,3
gracious,3
applied,3
twelvemonth,3
abrupt,3
bilious,3
monarch,3
palpably,3
swell,3
partridge,3
security,3
sends,3
profession,3
loin,3
formidable,3
comprehending,3
division,3
seemingly,3
presented,3
upper,3
sign,3
marked,3
club,3
staircase,3
candles,3
offend,3
selves,3
provision,3
naming,3
caro,3
transition,3
drove,3
_some_,3
punctually,3
fifty,3
shamefully,3
arrowroot,3
food,3
renewed,3
animating,3
xviii,3
handsomest,3
heated,3
removing,3
delayed,3
copied,3
illnesses,3
hazle,3
divisions,3
well-meaning,3
_all_,3
injury,3
helped,3
nine,3
egg,3
committed,3
reluctance,3
fool,3
unnatural,3
drink,3
reflected,3
station,3
bowed,3
storm,3
sentences,3
eaten,3
salary,3
popularity,3
unreasonably,3
darted,3
trees,3
famous,3
seventeen,3
missing,3
coarse,3
unpersuadable,3
grant,3
remaining,3
game,3
submission,3
softness,3
sketch,3
behaving,3
renewal,3
placing,3
similar,3
application,3
themselves.,3
odious,3
rencontre,3
proposition,3
averting,3
arrogance,3
excluded,3
kitty,3
recollected,3
asparagus,3
foresee,3
addresses,3
started,3
hit,3
including,3
remiss,3
indisposed,3
parlour-boarder,3
distinguished,3
overhearing,3
gratify,3
recollecting,3
joint,3
widow,3
luckiest,3
sole,3
interfere,3
estimation,3
kings,3
shoulders,3
ill-tempered,3
disappearance,3
unseen,3
prominent,3
grieve,3
display,3
portion,3
better.,3
captain,3
unfeeling,3
deplorable,3
reckoned,3
right.,3
assent,3
unpretending,3
bickerton,3
foresaw,3
wickedness,3
dulness,3
meal,3
calmly,3
forgot,3
comforted,3
ceremonious,3
requisite,3
begins,3
louder,3
sees,3
communicative,3
assisting,3
ending,3
blameless,3
cleverer,3
apprehended,3
asks,3
sly,3
twenty-four,3
bella,3
entitled,3
jealous,3
discreet,3
burn,3
'it,3
intellectual,3
refined,3
prettily,3
separated,3
marking,3
parcels,3
relieve,3
skin,3
string,3
proposals,3
dealing,3
_will_,3
bow,3
hither,3
father.,3
pert,3
fly,3
soul,3
deceive,3
disclosure,3
careless,3
shews,3
musing,3
sounds,3
seas,3
topics,3
treasure,3
declares,3
father's,3
whispered,3
august,3
educated,3
secrecy,3
footing,3
broken,3
strikes,3
conundrum,3
prudent,3
allowances,3
straightforward,3
lawyer,3
judicious,3
favourably,3
purse,3
recall,3
shark,3
confirmation,3
churchill.,3
reappeared,3
detected,3
noticing,3
prejudiced,3
energy,3
lovers,3
top,3
instances,3
entreated,3
dentist,3
unpardonable,3
scattered,3
carefully,3
inimitable,3
reverse,3
dancer,3
tolerate,3
reproof,3
pronounced,3
patient,3
lesson,3
excused,3
accidental,3
luxurious,3
arrange,3
sweep-gate,3
sins,3
dissuade,3
contradiction,3
names,3
stock,3
alacrity,3
revived,3
stopped.,3
cotton,3
freshness,3
cured,3
sadly,3
venturing,3
provoked,3
pleasantest,3
regularly,3
beat,3
gaze,3
reasonings,3
homes,3
augusta,3
delusion,3
practice,3
alive,3
prose,3
well-informed,3
actual,3
esteem,3
preparations,3
children.,3
limited,3
xvii,3
worse.,3
breathe,3
entertained,3
estate,3
joyous,3
talkative,3
associate,3
sober,3
serve,3
kindest,3
donkey,3
wallis,3
'poor,3
considerate,3
finger,3
wear,3
faces,3
confident,3
humanity,3
teachers,3
possessed,3
advanced,3
apart,3
offices,3
hung,3
rapidity,3
indispensable,3
impropriety,3
papers,3
enjoyments,3
vigorously,3
remarkable,3
discern,3
pleases,3
injunction,3
irritated,3
supplying,3
thirty,3
healthy,3
hospitality,3
myself.,3
neglected,3
local,3
affectedly,3
representation,3
exclamation,3
cromer,3
truer,3
prosperity,3
commonplace,3
clearer,3
hungry,3
believing,3
voluntary,3
perrys,3
hughes,3
cast,3
xiii,3
reminded,3
events,3
changing,3
blow,3
gentleness,3
littleness,3
slice,3
communicate,3
'the,3
dixons,3
mutually,3
vicar,3
strict,3
sposo,3
amongst,3
discerned,3
'well,3
knightley's,3
solitude,3
breaking,3
departure,3
secresy,3
harmless,3
refresh,3
needless,3
friday,3
passes,3
correspondent,3
occasional,3
double,3
doubly,3
nights,3
securing,3
loveliness,3
signify,3
spirited,3
forlorn,3
degrading,3
numerous,3
sold,3
competent,3
engagement.,3
overlook,3
imprudence,3
frozen,3
esteemed,3
restraint,3
abilities,3
advocate,3
collect,3
essential,3
anne,3
unnoticed,3
impressed,3
raising,3
elegancies,3
friendliness,3
man's,3
capital,3
_us_,3
apple,3
forbid,3
infection,3
topic,3
earnestness,3
perplexities,3
footpath,3
honestly,3
beauties,3
restrain,3
covered,3
attentively,3
obscurity,3
bonnet,3
unknown,3
unaccountable,3
supplanted,3
centre,3
tidings,3
planning,3
_miss_,3
ascertain,3
humiliation,3
acquired,3
job,3
april,3
withdrawn,3
wild,3
apprehend,3
unite,3
inch,3
grandeur,3
conceived,3
excessive,3
press,3
safest,3
mother-in-law,3
smoothness,3
wonders,3
openness,3
neglecting,3
stooping,3
volume,3
good-bye,3
cake,3
counteract,3
rouse,2
sweetbread,2
wednesday,2
pulse,2
consenting,2
hero,2
intellects,2
natured,2
pretensions,2
reports,2
divide,2
summons,2
strike,2
females,2
accomplishment,2
preferable,2
dignified,2
dreamer,2
enrich,2
silver,2
rumour,2
adapt,2
estimate,2
contrition,2
ate,2
playfully,2
needed,2
_say_,2
was.,2
project,2
shrubs,2
reverie,2
touches,2
cousins,2
boarder,2
resigned,2
defiance,2
refinement,2
planned,2
parley,2
subside,2
confinement,2
worked,2
diverted,2
remembering,2
harmony,2
principals,2
ill-usage,2
birmingham,2
hetty,2
shadow,2
opinion.,2
remind,2
misled,2
_broke_,2
effusion,2
sea-bathing,2
over-powered,2
avail,2
disgrace,2
exist,2
protested,2
floor,2
recurrence,2
fatigues,2
fullest,2
likenesses,2
studied,2
concealed,2
betraying,2
imaginations,2
everywhere,2
privy,2
parishes,2
kindness.,2
absenting,2
date,2
revealed,2
varieties,2
snowed,2
footstep,2
solace,2
troubles,2
stupidity,2
cordiality,2
superior.,2
suggesting,2
million,2
saving,2
much.,2
overtaken,2
buried,2
transcribed,2
pages,2
gentleman-like,2
bright,2
scarce,2
artist,2
untainted,2
man.,2
deduction,2
allowance,2
stretch,2
enable,2
stupidest,2
perpetually,2
sickness,2
unmanageable,2
vacant,2
hereabouts,2
dryly,2
dimensions,2
refer,2
stone,2
sneering,2
meals,2
another.,2
elton.,2
cole's,2
rush,2
impute,2
darker,2
exhausted,2
tremble,2
walk.,2
seriousness,2
conjugal,2
improperly,2
accompanying,2
broader,2
displays,2
richard,2
nurse,2
carriage.,2
compliance,2
yourself.,2
good-tempered,2
wavering,2
randalls.,2
gravel,2
knocked,2
scramble,2
suggestions,2
condemn,2
glowing,2
unattended,2
appealed,2
pang,2
replies,2
ill-judged,2
gipsy,2
well-looking,2
candlelight,2
belief,2
stomach,2
definition,2
woman's,2
forwards,2
guest,2
justly,2
modes,2
colouring,2
seize,2
blended,2
accommodations,2
detaining,2
enemy,2
shower,2
acceptance,2
proprietor,2
felicities,2
upstart,2
moderation,2
awake,2
uncertain,2
frown,2
fetching,2
_home_,2
knitting,2
demands,2
quest,2
imposed,2
stables,2
novelty,2
nowhere,2
relating,2
'upon,2
impudent,2
elsewhere,2
nieces,2
reconcile,2
lost.,2
preventing,2
arisen,2
congratulations.,2
rejoined,2
'not,2
insolence,2
good-breeding,2
imply,2
embrocation,2
ninth,2
_at_,2
desiring,2
eleven,2
assuring,2
_the_,2
dealings,2
retreated,2
bent,2
process,2
counter,2
imperfection,2
forest,2
designs,2
undertaking,2
glasses,2
scanty,2
thirteen,2
wander,2
concealment.,2
unprepared,2
soothing,2
affliction,2
interests,2
good-humour,2
warfare,2
devotion,2
ingenious,2
_well_,2
viewed,2
patroness,2
courtesy,2
bred,2
furnish,2
score,2
muttering,2
summon,2
heavens,2
innocently,2
authorised,2
drank,2
waste,2
_own_,2
'there,2
romance,2
glaring,2
'but,2
lest,2
softening,2
moment.,2
degree.,2
_then_,2
'miss,2
concession,2
unfavourable,2
parentage,2
place.,2
specimens,2
construction,2
profusion,2
monday,2
nursery,2
plaintive,2
whist,2
protection,2
envious,2
opportunities,2
abusing,2
striving,2
wore,2
player,2
refusing,2
worn,2
unmerited,2
quivering,2
agony,2
interview,2
ordinary,2
arch,2
_of_,2
satisfies,2
shameful,2
observance,2
forcibly,2
protracted,2
iron,2
respecting,2
subduing,2
mantelpiece,2
subject.,2
alluded,2
industriously,2
deepest,2
pursuing,2
_shall_,2
exulting,2
runs,2
behindhand,2
observer,2
diffidence,2
unable,2
receives,2
old-fashioned,2
seizure,2
attacked,2
rationally,2
aid,2
comparative,2
slighting,2
perform,2
agreeableness,2
sheltered,2
convictions,2
thy,2
impertinent,2
doated,2
belongs,2
caps,2
disinclination,2
augur,2
cooled,2
eyeing,2
huswife,2
disappointments,2
post,2
unsteadiness,2
dined,2
considerations,2
elderly,2
hotter,2
evidence,2
'success,2
stake,2
reality,2
convincing,2
polite,2
five-and-twenty,2
bestowed,2
governed,2
beds,2
tenaciously,2
witty,2
permanently,2
hannah,2
cost,2
helpless,2
mean.,2
shared,2
merriment,2
exemption,2
matrimonial,2
rarely,2
indescribable,2
recalled,2
refine,2
self-approbation,2
averted,2
fortune.,2
wainscot,2
recollect.,2
counsellor,2
displayed,2
bewitching,2
playful,2
genteel,2
atonement,2
correspondence,2
liberality,2
drop,2
narration,2
goose,2
fires,2
accomplish,2
contemplation,2
grandpapa,2
benefited,2
gardeners,2
lightened,2
to-morrows,2
frame,2
pomp,2
alleviations,2
affronted,2
eye-lashes,2
price,2
dispersed,2
stain,2
humourist,2
asleep,2
sport,2
leaning,2
briskly,2
informed,2
dangers,2
person's,2
closest,2
goddard's,2
speed,2
conduct.,2
repetitions,2
execution,2
falsehood,2
sentimentally,2
perverse,2
partiality,2
fondness,2
intolerable,2
remonstrance,2
sketches,2
prepare,2
sufficient.,2
remembrances,2
slave-trade,2
moves,2
fools,2
gaining,2
building,2
moonlight,2
ceases,2
alleviation,2
linen-draper,2
coloured,2
ceaseless,2
unheard,2
emotions,2
learned,2
answers,2
trunk,2
requiring,2
aimed,2
injure,2
probabilities,2
firmly,2
cheering,2
communicating,2
renewing,2
surprizes,2
look-out,2
fairy,2
restless,2
absurdity,2
dears,2
issue,2
terribly,2
merry,2
water-colours,2
obedience,2
alluding,2
store,2
suddenness,2
comprehended,2
aired,2
threatening,2
alphabets,2
with.,2
flesh,2
ball-room,2
pretending,2
alteration,2
sacrifices,2
culture,2
despatch,2
pictures,2
unconscious,2
distinguish,2
maintenance,2
dialogue,2
writing-desk,2
guide,2
reads,2
temporary,2
lip,2
fathers,2
urgent,2
28th,2
delivered,2
describing,2
clownish,2
claimed,2
measures,2
lasts,2
persisting,2
'jane,2
dashed,2
rested,2
underrated,2
jump,2
over-trimmed,2
ardent,2
languor,2
_there_,2
congratulated,2
noisy,2
vexatious,2
deplore,2
fatigue,2
imparted,2
offence.,2
stout,2
overcharged,2
dinner-parties,2
pursuits,2
secretly,2
time.,2
pitied,2
art,2
quality,2
bears,2
fairest,2
apologise,2
lists,2
horrors,2
_little_,2
passionately,2
brother-in-law,2
learnt,2
consequences,2
proceedings,2
earned,2
wittier,2
brighter,2
inherited,2
commendation,2
pitch,2
desperate,2
surmised,2
reprobating,2
approval,2
immense,2
treat,2
poet,2
examined,2
parts,2
incumbent,2
eccentric,2
part.,2
detail,2
sources,2
ushered,2
warrant,2
impassable,2
intimates,2
amply,2
page,2
objected,2
poignant,2
freedom,2
previously,2
vulgarity,2
inconstancy,2
signed,2
delights,2
urging,2
friend.,2
suspiciously,2
sashed,2
astray,2
up.,2
calculate,2
sweetest,2
presents,2
jane's,2
clothed,2
graces,2
concise,2
appetite,2
shrubberies,2
desirous,2
dr.,2
cried.,2
eyebrows,2
county,2
welch,2
arms,2
interruption,2
"10,000",2
chatty,2
weakness,2
on.,2
doubtingly,2
bestow,2
struggle,2
scrape,2
congratulatory,2
cheek,2
do.,2
inconsistency,2
urgency,2
earn,2
'and,2
cousin,2
basis,2
threw,2
deeper,2
splendour,2
grows,2
butter,2
failing,2
unconcerned,2
resuming,2
dearly,2
verses,2
trimming,2
dead,2
good-humouredly,2
warm-hearted,2
leave-taking,2
'if,2
flourishes,2
commit,2
lies,2
amazingly,2
failure,2
surrender,2
continuance,2
pretension,2
exerting,2
sale,2
adelaide,2
misinterpreted,2
profits,2
invent,2
bordered,2
marks,2
congratulating,2
banished,2
accidentally,2
gentlewoman,2
filled,2
involuntarily,2
deceit,2
shift,2
suggestion,2
conveniently,2
stoops,2
ingenuity,2
lessened,2
sharing,2
condescension,2
lords,2
predict,2
pointedly,2
council,2
sunday,2
inquired,2
'to,2
stability,2
irresolute,2
group,2
main,2
touching,2
possess,2
scolded,2
richly,2
walnuts,2
ajar,2
cough,2
mermaid,2
signified,2
gathering,2
coming.,2
wretch,2
roused,2
flatterer,2
surprising,2
jumped,2
precise,2
show,2
elevate,2
unconsciously,2
secondary,2
lame,2
accustomed,2
parent,2
tour,2
_first_,2
everyday,2
arguments,2
deference,2
diffident,2
sights,2
indisputable,2
pronounce,2
civilly,2
critical,2
mare,2
bountiful,2
restrained,2
motherly,2
poison,2
examine,2
deem,2
fill,2
field,2
shelter,2
woodhouse.,2
vouchsafe,2
benevolent,2
reminding,2
affectation,2
defence,2
sweetly,2
stoop,2
tribute,2
inconsiderable,2
mourning,2
stretching,2
destination,2
restraints,2
evening-parties,2
half-whisper,2
escorted,2
nothing.,2
sharp,2
needs,2
chusing,2
orchard,2
eats,2
deserted,2
foretell,2
excepted,2
discouragement,2
oxford,2
repeating,2
unperceived,2
biscuits,2
mental,2
connect,2
harp,2
projected,2
henceforward,2
bragges,2
lover.,2
_was_,2
indulgent,2
mama,2
smoothed,2
'george,2
park,2
farming,2
pain.,2
trifles,2
ages,2
three-quarters,2
built,2
eggs,2
pondering,2
significant,2
joining,2
individual,2
excusable,2
desires,2
expert,2
superseded,2
to.,2
_may_,2
simply,2
asserted,2
resisted,2
unnecessarily,2
engrossed,2
butcher,2
discourse,2
development,2
meat,2
alternative,2
discipline,2
dinner-party,2
deliberately,2
easter,2
insincere,2
hazarded,2
scale,2
pew,2
virtues,2
framed,2
overpower,2
doating,2
ride.,2
acquirements,2
lent,2
desert,2
presenting,2
amuses,2
inevitably,2
graver,2
dessert,2
respectful,2
aspired,2
reconciliation,2
pleading,2
exchange,2
extravagance,2
butler,2
disgustingly,2
inclinations,2
closing,2
proportions,2
dinners,2
lamp,2
meditated,2
yielded,2
pleasantness,2
physic,2
hesitations,2
out.,2
contriving,2
decorum,2
heroism,2
hedges,2
messenger,2
fourteen,2
likelihood,2
pitiable,2
gravity,2
hind-quarter,2
gather,2
beam,2
offences,2
omission,2
farthest,2
indisposition,2
asunder,2
insidious,2
conquered,2
done.,2
brotherly,2
composedly,2
devoting,2
holiday,2
welcoming,2
advisable,2
respected,2
arrangements,2
stores,2
surpass,2
seats,2
puppy,2
decease,2
neighbours.,2
host,2
vivacity,2
inconsiderate,2
serviceable,2
_courtship_,2
plague,2
consternation,2
partially,2
glory,2
replying,2
detain,2
variation,2
comparatively,2
sleep,2
hating,2
poorly,2
dispense,2
weariness,2
admissible,2
expressive,2
conduce,2
sung,2
well-bred,2
known.,2
stray,2
visibly,2
visible,2
incommoded,2
engaged.,2
preserving,2
overheard,2
destroyed,2
glanced,2
_had_,2
illegitimacy,2
gloom,2
practising,2
foolishly,2
eternal,2
go.,2
inconvenient.,2
discomposed,2
magnificent,2
illiterate,2
advising,2
incapable,2
philosophic,2
constancy,2
random,2
adoration,2
refreshment,2
borrowed,2
_more_,2
swept,2
irregular,2
extracts,2
disengage,2
broadwood,2
suggest,2
wound,2
characters,2
insisted,2
mother's,2
alarms,2
pitiful,2
submissive,2
contradict,2
successfully,2
open-hearted,2
ensure,2
puzzle,2
accommodate,2
purposely,2
medium,2
_here_,2
satisfactorily,2
bargain,2
submitting,2
injurious,2
willingly,2
faithful,2
suppers,2
younger,2
leads,2
wilful,2
post.,2
word.,2
sighed,2
clearing,2
hoarse,2
dissipated,2
pearls,2
variously,2
cases,2
deservedly,2
tippet,2
eighth,2
lamented,2
imagining,2
furnished,2
qualified,2
subjection,2
profit,2
_our_,2
mind.,2
childhood,2
fetched,2
hue,2
inexpressibly,2
crowded,2
confessed,2
confesses,2
obliging.,2
whole-length,2
cheap,2
infant,2
wood,2
partake,2
dreaded,2
hedge,2
treachery,2
fainted,2
bond-street,2
multiplied,2
good-looking,2
way.,2
premature,2
parlours,2
driven,2
petticoat,2
flakes,2
reward,2
justify,2
violent,2
favouring,2
furniture,2
acute,2
all.,2
proclaimed,2
imputed,2
dixon.,2
freed,2
poem,2
calmer,2
affording,2
whence,2
bends,2
strictly,2
faster,2
applying,2
distinction.,2
oneself,2
fasten,2
does.,2
apartment,2
sparkling,2
weston.,2
list,2
employing,2
brief,2
christian,2
graciousness,2
summer-house,2
thankfully,2
fearfully,2
_lady_,2
enlivened,2
know.,2
faint,2
'yes,2
draughts,2
commanded,2
influenced,2
reflect,2
adventure,2
replete,2
prodigy,2
insensibility,2
clouds,2
residing,2
pleasanter,2
_has_,2
tenderest,2
prejudice,2
unhealthy,2
well-known,2
shilling,2
suspicious,2
disgusting,2
populous,2
freshened,2
reckon,2
weston's,2
long-standing,2
longest,2
appeal,2
achieved,2
bare,2
lamenting,2
recently,2
opposition,2
riddles,2
flies,2
reasons,2
sweep,2
_should_,2
village,2
decline,2
card-parties,2
foreseeing,2
latterly,2
boast,2
disappointing,2
lodged,2
delicious,2
flown,2
impede,2
equalled,2
grievance,2
regardless,2
observant,2
exclusively,2
complains,2
entangled,2
frightful,2
range,2
militia,2
complimentary,2
youthful,2
conquest,2
persevering,2
artifice,2
laughed.,2
fried,2
associates,2
passable,2
flirtation,2
fagged,2
windy,2
stable,2
breathing,2
smaller,2
appeased,2
pushing,2
simpleton,2
performer,2
apply,2
consumption,2
bitterly,2
musician,2
heir,2
us.,2
struggled,2
panic,2
readiness,2
unchecked,2
owe,2
flew,2
ambition,2
worlds,2
yesterday.,2
relates,2
sufficed,2
disgusted,2
feasible,2
proposing,2
umbrellas,2
misunderstood,2
consoling,2
regards,2
tacitly,2
july,2
objectionable,2
infectious,2
humours,2
swelling,2
refreshing,2
chicken,2
agrees,2
true.,2
indignant,2
generations,2
genius,2
wall,2
unhappiness,2
coxe,2
persevered,2
kissed,2
privileged,2
slave,2
appropriated,2
undertakes,2
realised,2
disturbance,2
bell,2
capabilities,2
attractive,2
repressed,2
shabby,2
incline,2
himself.,2
complaisance,2
mine.,2
significantly,2
mad.,2
transfer,2
inadequate,2
incredible,2
branch,2
tranquillised,2
friend's,1
aggression,1
briskness,1
scold,1
unanswered,1
eligibly,1
stipulate,1
stabbed,1
scholar,1
_answer_,1
woollen-draper,1
tires,1
nature.,1
contributed,1
interrupting,1
properest,1
military,1
criticism,1
_would_,1
secluded,1
anywhere.,1
cherishing,1
whirling,1
glass,1
locked,1
pursue,1
eatable,1
misfortunes,1
reprove,1
hop,1
envied,1
perfection.,1
unselfish,1
misfortune.,1
matter-of-fact,1
testify,1
presiding,1
nonsensical,1
enquiring,1
rewarded,1
strawberry-beds.,1
admirably,1
heretofore,1
occupations,1
clearest-headed,1
grievous,1
educating,1
_with_,1
blushes,1
arrow,1
restoratives,1
preceded,1
whim,1
hood-wink,1
correct.,1
blinder,1
turnip,1
precedes,1
worn-out,1
allay,1
backgammon,1
speed.,1
indiscretion,1
mend,1
abbots,1
knit,1
enormous,1
perhaps.,1
speedy,1
tempting,1
loudness,1
_woodhouse_,1
clamorous,1
elms,1
xix,1
hows,1
_the,1
miniatures,1
seminary,1
festivity,1
thaw,1
gratification,1
hum,1
sweet-tempered,1
retaining,1
morality,1
tautology,1
scream,1
incomplete,1
undue,1
terror.,1
falsehoods,1
lessons,1
lights,1
quaint,1
_compliments_,1
rice,1
emphatically,1
terrors,1
pocket,1
relish,1
patch,1
esteeming,1
adherence,1
hasten,1
wedding-present.,1
unexpectedly,1
requisite.,1
avert,1
loth,1
involved.,1
extend,1
councillors,1
feared.,1
twinkling,1
_felt_,1
dexterously,1
debt,1
coles.,1
accident,1
sacrificing,1
demanded,1
self-denying,1
honouring,1
_small_,1
office-door,1
advances.,1
aspersion,1
retrospect,1
pointing,1
evasions,1
doth,1
contemplated,1
contingencies,1
misconstrued,1
unfelt,1
charmed.,1
congratulation,1
ill-equipped,1
anticipating,1
memorial,1
severity,1
haphazard,1
passed.,1
ford's.,1
consents,1
tune,1
smallness,1
_blunder_,1
ascending.,1
veils,1
outlived,1
absurdities,1
disguise,1
dialogues,1
hay,1
collections,1
hat,1
unequivocally,1
desire,1
seaside,1
prologue,1
over-throw,1
attorney,1
'nobody,1
'three,1
creep,1
enemies,1
sick-chamber,1
contributing,1
summoned,1
palatable,1
extenuation,1
moralised,1
boiling,1
grievously,1
repellent,1
nought,1
respectably,1
administer,1
wrap,1
waits,1
greatness,1
perry's,1
bates's,1
_elton_,1
feet,1
'happier,1
soothe,1
proves,1
accounting,1
tooth,1
effusions,1
solicitation,1
uttered,1
grammatical,1
conferring,1
smell,1
transported,1
deathbed,1
push,1
conferred,1
deserve.,1
venice,1
indolent,1
vex,1
irksome,1
gloomy,1
rapturous,1
rationality,1
stays,1
figure-pieces,1
good.,1
son's,1
sixty-five,1
hindered,1
steaks,1
lengthened,1
educate,1
proprieties,1
example.,1
unfeelingly,1
freaks,1
deadening,1
pretty.,1
funeral,1
contemplate,1
commonly,1
unmarked,1
predictions,1
papas,1
vigour,1
wicked,1
subsistence,1
behalf,1
anything,1
originally,1
inflamed,1
believes,1
papa.,1
values,1
detached,1
greatcoat,1
unequalled,1
admires,1
vainly,1
undertook,1
explored,1
envy.,1
ordinarily,1
attestation,1
double-dyed,1
privation,1
omitting,1
pollards,1
re-urged,1
suspension,1
conveying,1
remonstrated,1
overpowering,1
epithets,1
reckoning,1
twilight,1
maintaining,1
matched,1
trouble.,1
tender-hearted,1
invention.,1
'can,1
receipt,1
paling,1
abide,1
bordering,1
plotting,1
complimented,1
hairdresser,1
disrespect,1
complimenter,1
quits,1
remainder,1
liberally,1
patronage,1
disguised,1
crossness,1
undesirable,1
properer,1
habitation,1
awkwardnesses,1
affords,1
languish,1
goodhumoured,1
solitarily,1
vouchsafing,1
indicate,1
dissipate,1
thick-headed,1
lingering,1
pressingly,1
conciliating.,1
chilblains,1
companionably,1
rival,1
_happily_,1
wins,1
wandering,1
nicer,1
jewels,1
rained,1
lurking,1
uninterrupted,1
self-consequence,1
fashionable,1
_unrequited_,1
rumination,1
creditably,1
appellation,1
discerning,1
compress,1
taste.,1
remarks,1
knee,1
spruce-beer.,1
guidable,1
not.,1
trembled,1
murmurs,1
pencilled,1
imagines,1
inconsistent,1
unkind,1
cloak,1
effect.,1
uppermost,1
blinds,1
wilfully,1
usual.,1
_letting_,1
assistant,1
prime,1
keenly,1
borrow,1
cry-out,1
vision,1
gout,1
smooth.,1
purest,1
affecting,1
illiberal,1
screen,1
aggrandise,1
suppressed,1
brisk-moving,1
concentrated,1
conversed,1
cramp,1
enjoy.,1
doctoring,1
side.,1
inclining,1
plantation,1
west,1
vacation,1
combined,1
amity.,1
felling,1
intimately,1
conveyance,1
newspaper,1
prevalence,1
salting-pan,1
dubious,1
over-careful,1
regularity,1
presides,1
engages,1
verified,1
forebodings,1
respite,1
obtruding,1
flocks,1
pacing,1
peculiarities,1
_party_,1
dinner-time,1
disperse,1
provocation,1
medals,1
overthrow,1
half-ashamed,1
sums,1
traffic,1
sorry.,1
apprehending,1
paused.,1
nursery-maids,1
stationary,1
completest,1
likely.,1
carriage-horses,1
23rd,1
restoring,1
unsuccessfully,1
talkativeness,1
joyfully,1
industry,1
sleety,1
antidote,1
widower,1
sealed,1
_think_,1
fastidious,1
fidgetiness,1
land,1
abused,1
nearest,1
dispensing,1
attentions.,1
touchstone,1
detailed,1
fright,1
accents,1
watches,1
cream,1
beaming,1
incomprehensible,1
contend,1
elton's,1
accosted,1
middling,1
gayest,1
harriet's.,1
tricks,1
waives,1
over-salt,1
influenza,1
_thoughts_,1
hunting,1
dressing,1
is.,1
floated,1
puzzles,1
24th,1
wholesome.,1
confederates,1
laying,1
harry,1
quicker,1
methodical,1
honourably,1
hour.,1
healed,1
situated,1
quicken,1
clock,1
forestall,1
undecided,1
_patriae_,1
escaping,1
indecision,1
acquittal,1
pick,1
outstepped,1
obviate,1
_her_.,1
marriages,1
excellently,1
indoors,1
beheld,1
guess.,1
select,1
unostentatious,1
enliven,1
implore,1
fragrance,1
spoilt,1
corrected,1
rudeness,1
doom,1
expeditious,1
malt,1
male,1
messages,1
unbiased,1
plan.,1
disliked,1
respective,1
_caro_,1
enlarge,1
relinquished,1
ill-will,1
agitating,1
dislike.,1
conveniences,1
resemble,1
protestation,1
looks.,1
broadway,1
coarser,1
deliberating,1
great.,1
courses,1
making-up,1
upstairs,1
forwarding,1
disclaiming,1
gilberts,1
denotes,1
misses,1
expiation,1
darling,1
occurs,1
nervously,1
drifting,1
demurs,1
altar,1
qualify,1
conditioning,1
rises,1
retained,1
devoid,1
rack,1
anecdote,1
rooted,1
murmured,1
lavished,1
forward.,1
_sposo_,1
submissively,1
vocal,1
woodhouse-ing,1
head.,1
passant,1
classing,1
cleverness,1
sell,1
wish.,1
internal,1
analogy,1
brace,1
understand.,1
swiftly,1
effecting,1
amused.,1
self-contentment,1
donkeys,1
attacking,1
wording,1
despise,1
gold,1
affix,1
aghast,1
defended,1
sideboard,1
matting,1
pleasure.,1
blameable,1
ceasing,1
remedy,1
mickleham,1
closely,1
hot-pressed,1
tottering,1
bulky,1
delicately,1
outwardly,1
overboard,1
seconded,1
guinea,1
cellery,1
milder,1
brewing,1
fidgets,1
untouched,1
thou,1
improves,1
returned.,1
spirit.,1
drunk,1
indefinite,1
devil,1
trampers,1
extravagant,1
self-deceived,1
mildness,1
wallises,1
sheets,1
vanish,1
renounced,1
barnes,1
goodwill.,1
shorten,1
resulting,1
popularity.,1
doat,1
infamous,1
heir-expectant,1
dissentient,1
fellow-mourners,1
admission,1
pillars,1
victims,1
baskets,1
projects,1
valetudinarian,1
risks.,1
privately,1
irresistibly,1
bed-room,1
sighs,1
mighty,1
eclat,1
_told_,1
dating,1
might.,1
agreement,1
smiths,1
dictated,1
gifts,1
forgave,1
plainest,1
repaid,1
encroach.,1
opens,1
ground-plot,1
coldest,1
peeped,1
inducements,1
apiece,1
medical,1
meal.,1
genial,1
defined,1
unsafe,1
rescue.,1
puzzling,1
fixing,1
idleness,1
conceptions,1
condolence,1
sails,1
tart,1
energetic,1
beginnings,1
peremptorily,1
persuadable,1
resign,1
walker,1
windsor-july,1
essay,1
results,1
soften,1
enjoyable,1
apple-tarts,1
'no',1
shrugged,1
luxuries,1
pocket-book,1
mixing,1
country-dance,1
manchester-street,1
disordered,1
_court_,1
enclosed,1
make.,1
that.,1
dejection,1
apparatus,1
portionless,1
henceforth,1
consistently,1
bird,1
scepticism,1
unsuspected.,1
second-rate,1
indiscreetly,1
survey,1
defeat,1
'pray,1
distrusted,1
counsels,1
mortify,1
inconveniently,1
unknown.,1
professedly,1
sir.,1
delegating,1
demerits,1
pour,1
reserves,1
_names_,1
weaker,1
lock,1
coolness,1
purposes,1
sitters-by,1
pales,1
especial,1
waded,1
singular,1
apple-dumplings,1
michaelmas,1
fits,1
ties,1
daring,1
acquitted,1
acuteness,1
_ten_,1
produces,1
waltzes,1
existence.,1
tea-visit,1
broiling,1
_greater_,1
important.,1
dispose,1
instruments,1
avenues,1
letter-boy,1
slightingly,1
farther.,1
differ,1
agriculture,1
release,1
favour.,1
pudding,1
serenity,1
qualifying,1
stimulate,1
staggered,1
blown,1
honoured.,1
occurrences,1
owner,1
decides,1
opportune,1
detailing,1
lacing,1
foretelling,1
vigorous,1
lot,1
vouch,1
accompaniment,1
recurrences,1
quietness,1
six-and-thirty,1
listeners,1
_tell_,1
separations,1
gently,1
relic,1
checker-work,1
dishes,1
awes,1
competence,1
clear-sighted,1
wounded,1
atmosphere,1
quickened,1
mute,1
buttons,1
riding,1
insight,1
handle,1
'our,1
listlessness,1
natural.,1
listener,1
antagonist,1
_adair_,1
glossed,1
window-curtain,1
multiplicity,1
exerted,1
crayons,1
packet,1
edition,1
insulting,1
thoughtlessness,1
refinement.,1
retentive,1
ends,1
specious,1
weary,1
absented,1
observable,1
figured,1
figures,1
puff,1
invites,1
entitle,1
front-door,1
hateful,1
wearied,1
windsor.,1
half-lengths,1
expiration,1
well-judging,1
descriptive,1
_thing_,1
joyously,1
infinity,1
dusk,1
forty-eight,1
directly.,1
wretchedest,1
'woman,1
_most_,1
negligence,1
clergyman,1
combine,1
scoundrel,1
whispers,1
increases,1
woeful,1
amendment,1
wanted.,1
_assistance_,1
cowper,1
literally,1
doer,1
pleasanter.,1
contradicted,1
pressure,1
adversary,1
coldly,1
counties,1
'so,1
foretold,1
gainer,1
insufficient,1
fro,1
errands,1
carelessly,1
uninterruptedly,1
austen,1
dignities,1
prepossessing,1
startled,1
encouragements,1
daughter-in-law,1
letter.,1
count,1
detestable,1
wretchedly,1
shrunk,1
triumphant,1
cobham,1
tosses,1
favourable.,1
grand-mama,1
contribute,1
father-in-law,1
unpermitted,1
endeared,1
dilatory,1
suspicions.,1
half-boot,1
gossip,1
suppress,1
forswear,1
repeat,1
oppression,1
quarto,1
inspiration,1
frightfully,1
detail.,1
disgusts,1
disservice.,1
mansion,1
chili,1
voted,1
mania,1
milmans,1
fogs,1
red,1
dwindled,1
speck,1
preached,1
self-examination,1
equal.,1
7th,1
overcareful,1
others.,1
_robin_,1
confidantes,1
incompatible,1
consequent,1
wants.,1
reproaching,1
consisting,1
proportionably,1
kindred,1
equals,1
unobjectionable,1
smoke,1
doleful,1
separate.,1
gentleman.,1
inflicting,1
uncivil,1
thought.,1
pigeon-pies,1
negative,1
insult,1
resent.,1
tolerated,1
reign,1
sobering,1
allies,1
twenty-one,1
blooming,1
elbow,1
clinging,1
indicated,1
mid-day,1
recovery,1
said.,1
resignation,1
retort,1
green,1
wax-candles,1
devote,1
muffin,1
proportionate,1
hopeless.,1
_respect_,1
respectability,1
eventually,1
coffee,1
band,1
reasonably,1
slavery,1
misbehave,1
lifted,1
innocent,1
schemed,1
flock,1
smith's,1
unclosed,1
fellows,1
strangers,1
ingenuousness,1
medicine,1
self-important,1
disagreements,1
replied.,1
standard,1
admits,1
unconvinced,1
appointments,1
enlightened,1
certified,1
created,1
appendages,1
_secret_,1
footsteps,1
render,1
fears.,1
thoughtfully,1
power.,1
plentiful,1
wasted,1
travelled,1
observation.,1
scenes,1
medley,1
strawberry-beds,1
contrasted,1
portraits,1
enchanted,1
impelled,1
contents,1
praising,1
quieter,1
silversmith,1
inquietudes,1
circles,1
acquire,1
timidity,1
exercises,1
proverb,1
adieus,1
_compassion_,1
accounted,1
fitted,1
renting,1
eminent,1
madeira,1
respectfully,1
sharks,1
guidance,1
quarrelled.,1
adequate,1
haunted,1
roundabout,1
blundered,1
covering,1
exchanged,1
rung,1
erroneous,1
dies.,1
gladness,1
cattle,1
afloat,1
failings,1
accord,1
grounds.,1
enters,1
observe.,1
kitchen,1
climate,1
highbury.,1
camp-fever,1
misunderstand,1
exceeds,1
best-tempered,1
excess,1
condescending,1
northward.,1
heal.,1
equivocation,1
harboured,1
physician,1
arm-in-arm,1
sting,1
flatteries,1
unconcern,1
hang,1
liberties,1
confiding,1
palpable,1
blamed,1
prescribed,1
immaterial,1
tormenting,1
saves,1
bandied,1
convivial,1
passive,1
coarseness,1
tricking,1
open-heartedness,1
desperate.,1
impertinently,1
country.,1
_particular_,1
purple,1
unavoidable,1
backgammon-table,1
provocations,1
accepts,1
gingerbread,1
treble,1
rendering,1
ungenial,1
wan,1
amidst,1
fight,1
dews,1
war,1
lowest,1
diligence,1
converse,1
snows,1
in-betweens,1
arrear,1
slope,1
hautboys,1
mails,1
bell-ringing,1
dixon's,1
disputable,1
dying,1
holding,1
_engagement_,1
dissipation,1
precedent,1
songs,1
impulse,1
unmixed,1
battle,1
mounted,1
perceive.,1
_sensation_,1
disapproved,1
puppyism,1
governess-trade,1
drudge,1
feeble,1
wakefield,1
regained,1
agitate,1
penetrated,1
curse,1
mis-judging,1
sharer,1
thereabouts,1
bed-ridden,1
overseers,1
muslin,1
rubbers,1
school-girl's,1
twenty-seven,1
paradings,1
bangs,1
wonderings,1
saunders,1
felt.,1
ill-bestowed,1
lending,1
sufferers,1
illumination,1
market,1
deceptions,1
'love,1
unadorned,1
officiating,1
ripening,1
credulity,1
finis,1
repentance,1
misconception,1
_taylor_,1
white-hart,1
car,1
slumbering,1
stoutly,1
exclude,1
clothing,1
productive,1
trophies,1
storeroom,1
foreboded,1
superintend,1
pause.,1
hear.,1
sixpences,1
sagacity,1
no.,1
curls,1
vicinity,1
inflicted,1
forms,1
spacious,1
chattering,1
fling,1
nod,1
_mediocre_,1
country-dances,1
courtship,1
removal.,1
form.,1
bursts,1
concerts,1
fancifulness,1
convenience.,1
circumspection,1
disapprobation,1
housemaid,1
shows,1
consciousness.,1
interesting.,1
astonishment.,1
shortly.,1
cart,1
good-hearted,1
kingdoms,1
styles,1
outcry,1
suffice,1
so-and-so,1
comprised,1
ring,1
sheep,1
sheet,1
garrick,1
bed-time,1
mostly,1
resulted,1
happy-looking,1
to-morrow.,1
congratulation.,1
sublime,1
slap,1
overcoming,1
swelled,1
oppressive,1
neatly,1
propriety.,1
plainer,1
impossible.,1
forever,1
feminine,1
_great_,1
infatuation.,1
professional,1
thousands.,1
_present_,1
rambling,1
geography,1
evinced,1
honours,1
leather,1
sorrowfully,1
carriage-horse,1
concert,1
unmarried,1
foppery,1
dreadful.,1
colours,1
philippics,1
hurts,1
self-interest,1
resided,1
_ship_,1
wound.,1
_have_,1
occasion.,1
astonish,1
discontinuing,1
homely,1
moderate-sized,1
danger.,1
care.,1
recordable,1
bias,1
worry,1
sucking,1
etc,1
fortnight.,1
despatched,1
unasked,1
complained,1
charges,1
half-gentlemen,1
speculations,1
am.,1
indefatigable,1
dancers,1
sweeping,1
senseless,1
volubility,1
verse,1
disputing,1
'every,1
exult,1
specimen,1
using,1
heightened,1
engross,1
amiableness,1
seven-and-twenty,1
verbal,1
apartments,1
spectacles.,1
wheat,1
carefulness,1
pleased.,1
sublimity,1
deranged,1
daringly,1
involvement,1
shrinking,1
stare,1
forwarded,1
stealth,1
stars,1
attends,1
pitcher,1
dinner-company,1
square.,1
attainable,1
_been_,1
fraud,1
intermission,1
lawfully,1
loneliness,1
tones,1
smartened,1
perplexed,1
merest,1
cabinets,1
administered,1
forcing,1
everywhere.,1
move.,1
veneration,1
forgiving,1
'give,1
evening.,1
side-glance,1
requisition,1
exhibitions,1
groundwork,1
pique,1
managed,1
cockade,1
hautboy,1
referring,1
otways.,1
nonsenses,1
confidential,1
guileless,1
uneasy.,1
mutterings,1
wantonness,1
relenting,1
_moment_,1
fence,1
streets,1
beet-root,1
acknowledgments,1
cheerful-tempered,1
grudged,1
praises,1
interposed,1
ahead,1
inspired,1
losses,1
drawers,1
advertising,1
obtrude,1
tenderer,1
_dixons_,1
_promise_,1
story.,1
standers-by,1
lowering,1
instrumental,1
broke,1
dining-parlour,1
spontaneous,1
courtesies,1
miserable.,1
cows,1
stayed,1
_two_,1
beaufet,1
derived,1
parlour-door,1
woods.,1
dispersing,1
_be_,1
comfortless,1
labours,1
fair.,1
systems,1
nestled,1
transcribing,1
worthies,1
reigning,1
desperately,1
erection,1
goings-on,1
deedily,1
head-teacher,1
presumptuous,1
meditating,1
_eighteen_,1
half-way,1
engrossing,1
impertinence,1
dirt,1
ciphers,1
base,1
brightest,1
earliest,1
unbecoming,1
feelings.,1
diffuses,1
undergo,1
unfeigned,1
grandpapas,1
blossom,1
st.,1
shifted,1
ladylike,1
outgrown,1
inventing,1
ulcerated,1
grey,1
deciding,1
affirmative,1
well-written,1
lie,1
scotland,1
churchwardens,1
performance.,1
useless,1
inference,1
approves,1
approver,1
hired,1
'has,1
performances,1
her's,1
clean,1
velocity,1
languid,1
crayon,1
horse-back,1
assertion,1
consultation.,1
criticising,1
hardened,1
boils,1
chimney,1
underbred,1
performers,1
buyings,1
patriotism,1
braithwaites,1
throwing,1
formerly.,1
plausible,1
smallridge's,1
horrid,1
cheerlessness,1
risks,1
stagnation,1
overrating,1
poorer,1
mis-judgment,1
fluently,1
league,1
useable,1
secrets,1
adored,1
vault,1
headed,1
unfolded,1
vessel,1
threaten,1
empty,1
raved,1
partly,1
packs,1
memorandums,1
put-to,1
endanger,1
mitchell,1
pack,1
confound,1
boarding-school,1
_chaperon_,1
predominated,1
composition,1
haunting,1
grossly,1
bearer,1
shivering,1
wise.,1
incongruity,1
roasted,1
procrastinating,1
wounding,1
petticoats,1
cherries,1
longer.,1
soliloquy,1
march,1
defies,1
capacities,1
caviller,1
ponds,1
resorted,1
popular,1
minced,1
ingratiating,1
wind-up,1
creation,1
experienced,1
exceeding,1
conditionally,1
unexpensively,1
forgets,1
rub,1
negatives,1
shine,1
misspent,1
dissatisfaction,1
supper-room,1
smells,1
worshipped,1
caresses,1
heritage,1
duly,1
frost,1
ceremonies,1
ecstasies,1
vacancies,1
foresight,1
commiseration,1
cautiously,1
abruptness,1
_appropriation_,1
_doubts_,1
pronouns,1
carte-blanche.,1
pretended,1
wearying,1
heroine,1
out-churchill,1
sounded,1
sixpence,1
'have,1
comfort.,1
artlessly,1
re-declined,1
memorandum,1
more.,1
'how,1
kindled,1
insuperable,1
nourishing,1
suit.,1
inspection,1
_were_,1
waking,1
auspices,1
sheepskin,1
_cause_,1
unmirthful,1
completion,1
elect,1
coddling,1
haunts,1
vanities.,1
win,1
hyperbolical,1
deny.,1
cloud,1
entertainingly,1
vehicle,1
treasuring,1
darting,1
inattentive,1
testifies,1
appointed,1
crosses,1
lapse,1
drops,1
promptitude,1
merited,1
gains,1
speech.,1
fare,1
entree,1
debasement,1
escape.,1
wiltshire,1
surprize.,1
docile,1
card-tables,1
catherine,1
masters,1
entitling,1
thankfulness,1
moralising,1
pools,1
cavil,1
commandingly,1
_boiled_,1
separating,1
unnecessarily.,1
steadier,1
uncouthness,1
mat,1
pertinacity,1
depreciating,1
custard,1
prosperous.,1
umbrella,1
befriended,1
penknife,1
determining,1
route,1
rushed,1
keen,1
pilfering,1
wholesomeness,1
confuse,1
bars,1
improving,1
seasonable,1
gloried,1
durable,1
unequivocal,1
wrapped,1
prone,1
smiled.,1
exultingly,1
spurn,1
transgression,1
body's,1
curiosity.,1
insignificance,1
thwarted,1
unchanged,1
yielding,1
portrait,1
constrained,1
pursued,1
purchasing,1
sequel,1
predicament,1
sorts.,1
lectured,1
awe,1
reanimation,1
pembroke,1
spleen,1
gesture,1
nailed,1
constrain,1
stationing,1
reprehensible,1
ought.,1
arrived.,1
partners,1
unfinished,1
cameos,1
attained,1
magistrate,1
dwellings,1
conservatory,1
had.,1
shy,1
chained,1
sha,1
overflowing,1
years',1
unfrequently,1
burying,1
heart-felt,1
orphan,1
waverings,1
freeze,1
accused,1
usefulness,1
humane,1
southward,1
tend,1
surmises,1
correctly,1
tens,1
horror-struck,1
constituted,1
simple-minded,1
back-gammon,1
limits,1
career,1
_way_,1
resolved.,1
habitual,1
together.,1
small-sized,1
discrimination,1
own.,1
misapply,1
do-nothing,1
thanker,1
corresponding,1
piquet,1
unmodulated,1
steep,1
liberal.,1
prosing,1
modestly,1
resident,1
hearted,1
_a_,1
supper-table,1
captivated,1
entreated.,1
to-night,1
gestures,1
right-minded,1
transaction,1
obstacles,1
taller,1
insinuating,1
mistakes,1
politeness.,1
crushed,1
collation,1
inferiorities,1
library,1
tempered,1
_repentance_,1
drizzle,1
retirement.,1
adventuring,1
limitations,1
civility.,1
prohibited,1
poultry-house,1
in.,1
madame,1
compatible,1
entrapped,1
puppies,1
articulate,1
endeavours,1
utility,1
noticed,1
figuratively,1
unexamined,1
north,1
'rather,1
blaming,1
prophecies,1
courts,1
_mrs_,1
stories,1
heiress,1
eyes.,1
devise,1
universal,1
apple-trees,1
disposing,1
yes.,1
gradations,1
refreshments,1
'wait,1
_man_,1
abhor,1
poplin,1
secondly,1
overcome.,1
similarity,1
knight-errantry,1
teaching,1
mournful,1
rescue,1
void,1
misunderstanding,1
delight.,1
courageous,1
baking,1
workmen,1
laurels,1
present.,1
clothes,1
idlest,1
card-table,1
intelligible.,1
subordinate,1
inelegance,1
party.,1
rest.,1
reviving,1
repugnance,1
interpret,1
unexampled,1
permit,1
intrigue,1
slices,1
ninety,1
moral,1
drowned,1
particularity,1
overhear,1
survive,1
lungs,1
inhabited,1
_it_.,1
interposition,1
arm.,1
_time_,1
involve,1
changeable.,1
advancing,1
desponding,1
minority,1
undergoing,1
replacing,1
indignity,1
_they_,1
elegance.,1
operations,1
unsullied,1
unprovided,1
unemployed,1
porker,1
cogitation,1
cautiousness,1
secured.,1
martin's,1
prophetically,1
sleepless,1
leaned,1
mounts,1
bone,1
fathomed,1
successively,1
aids,1
decree,1
restricted,1
foot-pace,1
distrust.,1
surprise,1
sluggish,1
grease,1
bates.,1
vicarage.,1
over-salted,1
penitence,1
needlework,1
penury,1
peculiarity,1
featured,1
disappearing,1
enumerate,1
ditch,1
diverting,1
twisted,1
witnessing,1
begin.,1
invalids,1
compunction,1
solemnly,1
_woman_,1
body.,1
solemnity,1
enabled,1
bitterness,1
threadbare,1
_try_,1
superadded,1
magnified,1
justest,1
behaviour.,1
dog,1
observed.,1
discontent,1
al-fresco,1
retire,1
'bless,1
brilliancy,1
soothings,1
judges,1
resisting,1
folded,1
mischievous,1
rejoicing,1
integrity,1
coast,1
bar,1
fields,1
softly,1
linguist,1
judge.,1
laughing.,1
dull-looking,1
interruptions,1
lime-walk,1
artificial,1
lazy,1
richest,1
'that,1
motto,1
half-syllables,1
sort.,1
estimable,1
contribution,1
lowly,1
_treasures_,1
efficacy,1
quantities,1
sunshine,1
personally,1
affirm,1
transformation,1
balance,1
over.,1
ridicule,1
manoeuvring,1
constitutions,1
material.,1
inadmissibility,1
meets,1
declaring,1
solicitudes,1
undaunted,1
weakly,1
changes,1
neptune,1
_did_,1
facts,1
impending,1
intends,1
magistrates,1
greensward,1
folding-screen,1
artlessness,1
ago.,1
involuntary,1
whichever,1
background,1
affability,1
dreamt,1
dreams,1
shoulder,1
satisfaction.,1
impair.,1
distrust,1
candidly,1
shakespeare,1
conquering,1
novelties,1
remiss.,1
wept,1
thinner,1
for.,1
amounted,1
low.,1
do-all,1
lieu,1
errs,1
annoyance,1
flying,1
creditable,1
assented,1
cramer.,1
bounds,1
unvarying,1
_married_,1
damps,1
originating,1
covert,1
fashioned,1
pitifullest,1
visitings,1
ribbons,1
dies,1
diet,1
assume,1
aunt.,1
befriend,1
discreetly,1
disingenuousness,1
abundant,1
fancies,1
adviser,1
accession,1
regretted.,1
defying,1
society.,1
limes,1
travels,1
unevenness,1
fearing,1
else.,1
inconsiderately,1
nearer.,1
_marry_,1
clerk,1
french,1
implanted,1
environs,1
institute,1
spheres,1
dutiful,1
slackened,1
rheumatic,1
_named_,1
complaisant,1
suffered.,1
ill-fame,1
repast,1
outrage,1
olive,1
soup,1
sour,1
fairfax's.,1
repressing,1
_any_,1
cabbage-beds,1
sample,1
muslins,1
pink,1
accordant,1
'full,1
strikingly,1
pure,1
ill-disposed,1
swayed,1
fed,1
scalloped,1
deposit,1
'dearer,1
applicants,1
gradual,1
availing,1
introductions,1
gaieties,1
argued,1
nothing-meaning,1
whole-lengths,1
sarcastic,1
outweigh,1
feverish,1
nominal,1
mercantile,1
rows,1
desultory,1
cheese,1
dwelling,1
parsnip,1
discharged,1
eye.,1
interchange,1
slept,1
deafer,1
sound.,1
stipulation,1
casement,1
protected,1
knives,1
appreciate,1
rout-cakes,1
glibly,1
clung,1
interior,1
channel,1
hardships,1
fills,1
stockings,1
_unreasonable_,1
alone.,1
modesty,1
supposition,1
fervour,1
shod,1
curled,1
stormy,1
plump,1
exaggeration,1
slyness,1
desirableness,1
busiest,1
requesting,1
finishing,1
silently,1
honesty,1
_when_,1
doings,1
ornament,1
pained,1
clayton,1
etc.,1
doatingly,1
jeffereys,1
despaired,1
accusation,1
sufferable,1
perfectly.,1
attaching,1
employments,1
shopping,1
apologised,1
divined,1
awakened,1
'augusta,1
wisely,1
movements,1
absences,1
harsh,1
indelicate,1
nicety,1
contain,1
bath_,1
stomacher,1
extended,1
drain,1
accountable,1
quicksighted,1
repulsive,1
aspect,1
extent.,1
despoiling,1
suitableness,1
half-circle,1
embarrassed.,1
enquired,1
wife.,1
sight.,1
irresistible.,1
fondling,1
bewitches,1
gossips,1
facing,1
chamber,1
served,1
_times_,1
gross,1
confirm,1
understandings,1
knife,1
reticule,1
measuring,1
seconds,1
giggle,1
conducting,1
understanding.,1
violence,1
home-farm,1
helpmate,1
lands,1
spreading,1
whiten,1
dreaming,1
morning.,1
needlessly,1
acquiesced,1
shells,1
mornings,1
unsettled,1
lodgings,1
caution.,1
romantic,1
poultry-yards,1
drills,1
powerless,1
dawdling,1
_wanted_,1
deed,1
tedious,1
pensive,1
dispelled,1
_who_,1
wet.,1
coughing,1
evil.,1
fruitless,1
_nearer_,1
deriving,1
decorated,1
_three_,1
remote,1
pre-arrangement,1
d'ostalis,1
sullenness,1
instrument's,1
represent,1
alarming.,1
reproofs,1
washed,1
invariable,1
create.,1
reluctant,1
preserves,1
diffuse,1
fish-ponds,1
'his,1
turnips,1
prodigies,1
inconsideration,1
washing,1
unsuspected,1
captious.,1
gang,1
designedly,1
bow-window,1
sept.,1
affable,1
appreciating,1
novitiate,1
mum,1
movement,1
sore-throats,1
mule,1
affectionately,1
enmity,1
dashing,1
supplanted.,1
fastening,1
extinction,1
establish,1
detecting,1
comparing,1
cultivation,1
landed,1
varying,1
destin,1
nineteen,1
conniving,1
_accepted_,1
sphere,1
purchased,1
single-minded,1
ult.,1
maps,1
self-control,1
par,1
vagaries,1
bleak,1
fondest,1
skilful,1
act.,1
hesitated.,1
pretty-spoken,1
finessing,1
heartfelt,1
comtesse,1
pent,1
bosom,1
habit.,1
triumphantly,1
hurting,1
seeking,1
prejudices,1
detach,1
unfeignedly,1
divested,1
fluttered,1
token,1
also.,1
_half_,1
allusions,1
mustered,1
flowed,1
_source_,1
_housebreaking_,1
contrivance,1
omit,1
scorned,1
embraces,1
robe,1
unpardonably,1
tremblings,1
drunkenness,1
heedlessness,1
supposes,1
fold,1
sedate,1
teazed,1
_______,1
service.,1
bailiff,1
orders,1
depending,1
build,1
province,1
services,1
_each_,1
reconciliation.,1
'which,1
nobility,1
_amor_,1
commissions,1
corresponded,1
relation,1
exteriors,1
ruin,1
dust,1
permission,1
revolts,1
large.,1
breast,1
freedom.,1
doubled,1
genlis,1
backgammon.,1
kitchen.,1
weekly,1
sweet-cake,1
vindicated,1
oppress,1
caprices,1
well-doing,1
carelessness,1
quarrelsome,1
_gentleman_,1
complacently,1
patiently,1
cheerfuller,1
holyhead,1
create,1
displeasure.,1
chatted,1
chatter,1
knightley's.,1
politician,1
_mr_,1
debased,1
encountered,1
regulate,1
would-be,1
some.,1
copying,1
engrosses,1
solicited,1
flurry,1
timid,1
grown-up,1
motionless,1
finesse,1
forfeited,1
coachmen,1
matter.,1
_understand_,1
irritable,1
injuries,1
timber,1
extenuations,1
hated,1
excites,1
tremulous,1
womanly,1
clara,1
redeem,1
knock,1
deciphered,1
follows,1
abundantly,1
collectedly,1
ornaments,1
pet,1
pen,1
connecting,1
feigning,1
canvassing,1
hope.,1
inexcusable,1
errant,1
chancing,1
non-existence,1
rejection,1
outree,1
caroline.,1
best-judging,1
curs,1
expedition,1
scarlet,1
commonest,1
adoring,1
composing,1
engagement's,1
honourable.,1
confine,1
eight-and-thirty,1
lady-like,1
restoration,1
likeliest,1
_sacrifice_,1
excuse.,1
failures,1
happy.,1
literary,1
differing,1
fatal,1
nervousness,1
queen,1
implicitly,1
crosser,1
accuse,1
transgressed,1
preface.,1
safe.,1
other.,1
inebriety,1
depression,1
doctrines,1
transplanted,1
worshipping,1
relented,1
fat,1
inconveniences,1
mortifications,1
'even,1
licentiousness,1
tremor,1
indignantly.,1
indelicacy,1
conjecturing,1
limb,1
resolutions,1
lime,1
flatterers,1
'grandpapa,1
calculation,1
forestalling,1
prized,1
assailed,1
name.,1
arranging,1
duped,1
pulling,1
feebleness,1
infantry,1
waltz,1
spruce,1
lamb,1
campbells.,1
bashfulness,1
relapsing,1
waters,1
corals,1
folly.,1
gone.,1
correspond,1
lined,1
committed.,1
agricultural,1
'aimable,1
winning,1
resorting,1
image,1
pangs,1
longest-sighted,1
strive,1
least.,1
preclude,1
circular,1
fairy-land,1
pantry,1
defend,1
rev,1
cure.,1
home-baked,1
lecture,1
extricated,1
solicitously,1
pastures,1
upbraid,1
acre,1
deprived,1
hinting,1
appeared.,1
allied,1
retain,1
unspent,1
sack,1
embarrassed,1
lately.,1
impartiality.,1
owning,1
ancient,1
intermediate,1
large-sized,1
frank.,1
perforce,1
vouchsafed,1
pedal,1
labourers,1
boyish,1
labouring,1
tidy,1
disappointment.,1
dictate,1
aladdin,1
_dixon_,1
expected.,1
prisoner,1
cleverest,1
_purport_,1
concern.,1
absurd,1
contemptuous,1
improprieties,1
kite,1
absorbing,1
demurred,1
portfolio,1
prolong,1
fatiguing,1
head-aches,1
beau,1
accrue,1
humanely,1
stokes.,1
excesses,1
turkeys,1
puddle,1
ill-bred,1
enhanced,1
refrained,1
brunt,1
routine,1
third-rate,1
smilingly,1
deliver,1
feebly,1
attributed,1
transplantation,1
glorious,1
comment,1
vent,1
self-satisfied,1
basins,1
gallantries,1
commend,1
flourishing,1
attendant,1
dinner-visiting,1
_recollecting_,1
lady's,1
distant.,1
arises,1
assert,1
tenderly,1
angles,1
stilton,1
inherits,1
qualities.,1
well-behaved,1
comparison.,1
untoward,1
brightened,1
tumbler,1
well-grown,1
casements,1
recourse,1
sets,1
comparisons,1
raving,1
dissolved,1
sister-in-law,1
whist-players,1
protecting,1
thrown.,1
dissuaded,1
bench,1
citizen,1
articles,1
punctual,1
audibly,1
works,1
audible,1
italian,1
neighbours',1
happens,1
glad.,1
utmost.,1
langham,1
pleasant.,1
screwed,1
mode,1
although,1
hospitable,1
christened,1
follies,1
introduces,1
intimation,1
attachments,1
unclosing,1
encumbered,1
avowed,1
stimulative,1
buy,1
amity,1
variations,1
penetrating,1
periods,1
disinterestedness,1
mysteriously,1
unintelligible,1
odd-tempered,1
claiming,1
mimic,1
family-estate,1
augmentation,1
affixed,1
come-at-able,1
stirred,1
prevalent,1
starting,1
baker,1
pupil,1
uneasiness.,1
8th,1
sleek,1
scouted,1
garters,1
haberdasher,1
feeding,1
intreat,1
merchant,1
thriving,1
'uncle,1
behind-hand,1
ungenerous,1
infancy,1
reprehension,1
consistent,1
weddings,1
_bride_,1
surrounding,1
hundred.,1
estimated,1
insinuate,1
stared,1
hundreds,1
humility,1
shortness,1
_misery_,1
leaves,1
abolition,1
verdure,1
sympathise,1
lessening,1
tradesman,1
broth,1
acceded,1
deficiencies,1
mermaids,1
jumble,1
attract,1
sneers,1
gate,1
badly,1
demanding,1
vanity-baits,1
jumping,1
prepossession,1
amid,1
apple-tart,1
oysters,1
unsteady,1
_introduction_,1
irksomeness,1
hypocrisy,1
indistinctness,1
filling,1
capricious,1
dispiriting,1
fuss,1
overcame,1
day.,1
lain,1
newly,1
twenty-five,1
good-temper,1
management,1
formation,1
larkins's,1
officious,1
attractions,1
awoke,1
scissors,1
cheerless,1
_mrs._,1
confirming,1
tom,1
inconvenient,1
unbroken,1
consented,1
curtains,1
ceiling,1
put-off,1
conviction.,1
western,1
unsaid,1
classed,1
unsentimental,1
final,1
flame,1
alderneys,1
mirth,1
circulate,1
relapse,1
rides,1
_wish_,1
commanding,1
treats,1
prevails,1
possesses,1
orderly,1
reputation,1
currants,1
pardoned,1
inspire,1
dupe,1
mortals.,1
soft-hearted,1
stanza,1
incommoding,1
conundrums,1
unluckily,1
countries,1
ill-assorted,1
pretty-behaved,1
presuming,1
liquor,1
disturbing,1
capacity,1
paternal,1
mud,1
traits,1
disagreeableness,1
adding,1
purity,1
archly,1
goodnatured,1
sympathiser,1
games,1
confide,1
undoubting,1
lateness,1
deprecated,1
zigzags,1
were.,1
schoolroom,1
refuted,1
drugs,1
strangest,1
_perfection_,1
character.,1
expenses,1
brutal,1
exterior,1
punctuality,1
alarm.,1
embarrassment.,1
preconceived,1
theodore,1
greeted,1
hearty,1
impediment,1
hearts,1
spencer,1
wedging,1
appease,1
departed,1
harmonise,1
depart,1
strenuously,1
ready-furnished,1
meanly,1
smaller-sized,1
advances,1
breaks,1
jealousy.,1
gifted,1
quadrille,1
regiment,1
officer,1
proudly,1
usher,1
celibacy,1
precautions,1
intellect,1
embodied,1
ice,1
subordination,1
espionage,1
overrated,1
unbleached,1
corn,1
unseasonableness,1
idolized,1
invaluable,1
homewards,1
efforts,1
obtaining,1
accomplishments,1
villain.,1
existed,1
personage,1
'aye,1
stuck,1
ill-luck,1
questionable,1
26th,1
heap,1
liveliest,1
nodded,1
se'nnight,1
flavour,1
bids,1
ruined,1
gratifications,1
tie,1
'exactly,1
nods,1
cooper,1
flushed,1
sacks,1
luck.,1
backward,1
coach,1
conscience-stricken,1
livelihood,1
comments,1
displaying,1
contemplating,1
promoting,1
singing.,1
discovering,1
finest-looking,1
inspiriting,1
trident,1
lead.,1
workbags,1
tupmans,1
cook,1
oftentimes,1
accumulation,1
pore,1
indifferent.,1
vouches,1
enchanting.,1
bake,1
substitute,1
distaste,1
contracted,1
amounting,1
health.,1
ninety-nine,1
twentieth,1
dublin,1
'smallridge,1
unbidden,1
connivance,1
persuadable.,1
handled,1
dismay,1
teased,1
aright,1
_as_,1
drown,1
dismal,1
terseness,1
reproachful,1
inexperience,1
stroke,1
palpitations,1
dropped,1
morning-room,1
provoke,1
inheritance,1
fourth,1
begs,1
irrational,1
professing,1
impartial,1
improvidently,1
acquittal.,1
informs,1
birthday,1
representations,1
different.,1
curtseys,1
impartially,1
undervalued,1
midnight,1
worship,1
blocked,1
abhorred,1
lonely,1
sacred,1
conversations,1
bound,1
gratified.,1
term,1
sensibilities,1
possibilities,1
importation,1
ejaculation,1
apothecary,1
putrid,1
clover,1
unfriendly,1
placidity,1
impose,1
corroborating,1
'why,1
surviving,1
incongruous,1
fetches,1
self-denial,1
persuasions,1
cooling,1
fortuitous,1
giver,1
seduced,1
tempers,1
cope,1
inexpressible,1
released,1
unpretty,1
copy,1
oath,1
'depend,1
exchanging,1
dryness,1
astonishingly,1
emphasis,1
blunt,1
heal,1
king's-weston,1
falls,1
_and_,1
idea.,1
dorking,1
club-nights,1
mistresses,1
_alone_,1
indulgence.,1
dances.,1
cautioned,1
wool,1
lighted,1
begging,1
lighter,1
clerks,1
hymen's,1
regarding,1
contrivances,1
impolite,1
jokes,1
discussing,1
methodical.,1
picnic,1
_dissolved_,1
grammarian,1
imposing,1
encourager,1
asperity,1
bluntness,1
fails,1
unabated,1
merit.,1
fearless,1
inseparably,1
harshly,1
sore-throat,1
contract,1
successless,1
utterance,1
unceremoniousness,1
pop,1
deposited,1
robbed,1
ostentation,1
minister,1
direful,1
perry.,1
upstarts,1
mount,1
slippery,1
shops,1
palliate,1
coupled,1
couplet,1
unreserved,1
decisively,1
author,1
alphabet,1
confidant,1
shifts,1
attributing,1
bows,1
disadvantages,1
unqualified,1
vowed,1
'do,1
event.,1
weakened,1
sinned,1
recital,1
inability,1
termination,1
bodies,1
actions,1
risking,1
abstained,1
polish,1
satin,1
happiness.,1
blot,1
lets,1
unfastidious,1
workbasket,1
ill-timed,1
waiving,1
captious,1
well-built,1
vain.,1
legal,1
inspect,1
terrified,1
gaily,1
beavers,1
discussed,1
scornful,1
rued,1
satisfactions,1
satisfied.,1
hazards,1
bride-people,1
unpolished,1
fish,1
forbade,1
'shall,1
ennui,1
frighten,1
ingeniously,1
politics,1
rubber,1
_addition_,1
deviation,1
requested,1
briefly,1
baronne,1
finale,1
souls,1
_both_,1
bounded,1
inroads,1
unanswerable,1
undoubted,1
curve,1
lamentations,1
confers,1
wreath,1
executing,1
dish,1
subsided,1
writing-master,1
denoted,1
sons,1
hems,1
engrafted,1
prolonged,1
impudence,1
singularly,1
undone,1
dexterity,1
somewhere.,1
invention,1
advantageous,1
sup,1
disagreeables,1
row,1
_evening_,1
eligibility,1
espalier,1
compressed,1
must.,1
texts,1
charade.,1
irritate,1
minor,1
undistinguishing,1
wretches,1
trifling.,1
embarrassing,1
salted,1
brown,1
joints,1
riddle-book,1
imitation,1
court,1
broadly,1
half-year,1
explains,1
emulate,1
expedient,1
prefers,1
groundless,1
would.,1
flowers,1
quarrels,1
avenue,1
inward,1
already.,1
self-willed,1
reappearance,1
adventurous,1
mathematician,1
repulsed,1
weighs,1
colder,1
oppressed,1
undertake,1
resentfully,1
shrubbery.,1
sucklings',1
unexceptionably,1
humiliation.,1
d'almane,1
randall,1
throws,1
bushel,1
feed,1
distasteful,1
revive,1
enlarged,1
dint,1
defects,1
north-east,1
thoughts.,1
temptations,1
statement,1
immediately.,1
fidget,1
unmentioned,1
king,1
_joint_,1
instruction,1
dispensed,1
insulted,1
stale,1
tongues,1
goldsmith,1
sandwiches,1
interfered,1
instigator,1
gaiters,1
enduring,1
measured,1
achievement,1
stands,1
levity,1
security.,1
forerunner,1
hindrance,1
notch,1
night.,1
vaunted,1
expedients,1
reassembled,1
deserts,1
prosings,1
compliments.,1
shepherd,1
publicity,1
meditations,1
sauciness,1
hid,1
instinctive,1
grievances,1
insensibly,1
bearers,1
glances.,1
precaution,1
consciously,1
chambers,1
mechanically,1
gratefully.,1
days.,1
surprized.,1
convincing.,1
however.,1
bond,1
sauntering,1
finds,1
irritate.,1
harbour,1
tittle-tattle,1
regulated,1
rave,1
there.,1
teaches,1
teacher,1
apprehensively,1
brick,1
flight,1
precision,1
softest,1
goodly,1
reason.,1
demand,1
plants,1
confess.,1
stolen,1
expressly,1
income.,1
guilty,1
obstacle,1
alliances,1
constancy.,1
away.,1
twofold,1
widely,1
literature,1
holidays,1
knack,1
wheres,1
objecting,1
undiscerned,1
dares,1
stating,1
_what_,1
intervals,1
prince,1
profitable,1
reinstate,1
associations,1
recantation,1
_almost_,1
clemency,1
incidental,1
arthur,1
em-ma.,1
table.,1
engravings,1
refuse.,1
disinclined,1
half-glass,1
anna,1
descried,1
undesignedly,1
housekeeping,1
recited,1
hatred,1
deafness,1
road.,1
drifted,1
sports,1
oddities,1
perplexing,1
solidity,1
cloth,1
john.,1
attribute,1
characteristic,1
fluctuations,1
landscapes,1
freak,1
avowedly,1
graham,1
steeper,1
endurance,1
saffron,1
ornamented,1
_refused_,1
mock,1
perusal,1
helping,1
suffers,1
reproached,1
accumulations,1
reproaches,1
rain.,1
narrative,1
pervert,1
issued,1
dispel,1
infatuation,1
fenced,1
_invite_,1
obstinate,1
waiters,1
abode,1
wind.,1
steadiest,1
flirted,1
spoon,1
posture,1
humourist.,1
disclaimed,1
notes,1
shameful.,1
dealt,1
melodies,1
persuasively,1
hourly,1
carpet-work,1
houseroom,1
gala-day,1
spinet,1
shaded,1
distresses,1
baly-craig,1
politest,1
hardy,1
doubtfully,1
boasts,1
stream,1
examination,1
acrostic,1
faultless,1
inclines,1
_that_.,1
tax,1
carrot,1
tan,1
struggles,1
unquestionably,1
fidgeting,1
whist-club,1
sin,1
post-horses,1
maternal,1
portioning,1
tunbridge-ware,1
wrist,1
taylor.,1
dispositions,1
supplication,1
queernesses,1
affection.,1
indignantly,1
glee,1
permanent,1
choose,1
world.,1
commended,1
nobody.,1
enviable,1
secures,1
apple-dumpling,1
tray,1
testifying,1
abdy,1
fricassee,1
tyrannic,1
york,1
philip,1
overtake,1
reverse.,1
insane,1
dated,1
enough.,1
boil,1
doomed,1
debate,1
all-sufficiency,1
fore-shortening.,1
leniently,1
_world_,1
speak.,1
rarity,1
indistinct,1
dusty,1
faints,1
delineated,1
mildest,1
boastful,1
divert,1
familiarise,1
suspected.,1
discordancies,1
tupman,1
ensued,1
unimpeded,1
chapters,1
candidates,1
forfeit,1
ribband,1
chance.,1
penetrate,1
thrive,1
unison,1
shedding,1
closer,1
closet,1
combated,1
weighing,1
alphabetically,1
enigmas,1
spoil,1
untowardly,1
commands,1
narrower,1
subscribe,1
worldly,1
pulmonary,1
decent,1
ungallant,1
proudest,1
remonstrances,1
eyelashes,1
wished.,1
readier,1
offending,1
disapprove,1
companionableness,1
privileges,1
propensity,1
flower,1
largest,1
coaches,1
widower-father,1
well-tied,1
laborious,1
undertaken,1
bending,1
_part_,1
only.,1
rooms.,1
_presume_,1
console,1
sky,1
discuss,1
hastening,1
adoption,1
ridden,1
misconceptions,1
inheriting,1
loser,1
roundly,1
ford.,1
reprobation,1
urbanity,1
soon.,1
urge.,1
instantaneous,1
headaches,1
ungraciously,1
saddle,1
column,1
urged,1
carries,1
sanguinely,1
individually,1
_precious_,1
argumentative,1
imaginist,1
clifton,1
preferment,1
drawing-up,1
protesting,1
ranks,1
stirring,1
recovered.,1
lieut,1
horsewoman,1
kind.,1
reflecting,1
undesigned,1
yeomanry,1
repute,1
could.,1
readiest,1
coffee.,1
insipid,1
bravado,1
intentionally,1
fancy-work,1
half-second,1
richardson,1
sash,1
gentleman-farmer,1
