said,483
think,325
know,286
say,280
made,199
thought,171
see,149
done,140
seemed,140
make,129
mr.,128
come,124
go,122
going,120
came,119
take,105
mrs.,104
give,100
miss,100
emma,99
believe,97
felt,96
found,91
looked,88
gone,79
coming,79
saw,78
replied,78
cried,78
given,77
let,77
seen,73
wanted,72
want,71
told,70
obliged,69
find,65
talked,64
knew,64
began,64
looking,62
feel,61
left,60
taken,58
hope,58
get,56
gave,54
talking,53
known,53
passed,53
saying,51
tell,50
walked,50
put,49
thinking,48
look,48
used,48
love,48
took,47
appeared,47
making,47
evening,47
brought,46
went,46
seeing,46
giving,46
believed,45
heard,44
remember,44
called,44
wished,42
set,41
hoped,41
wish,41
allowed,40
leave,39
asked,38
expected,38
returned,38
continued,38
settled,37
sitting,36
seem,36
received,36
speak,36
walking,36
added,36
engaged,35
beginning,35
supposed,35
means,35
met,34
spoke,34
got,33
hear,33
dear,32
consider,32
speaking,32
allow,32
satisfied,31
says,31
wanting,31
married,31
determined,30
appear,29
turned,28
charming,28
bear,28
read,27
followed,27
surprized,27
hartfield,27
persuaded,27
bates,26
feeling,26
friend,26
happened,26
sat,26
convinced,26
resolved,26
decided,25
taking,25
acquainted,25
smiling,25
led,25
mentioned,25
suppose,25
loved,25
obliging,24
comes,24
seems,24
lived,24
sent,24
weston,24
turning,23
churchill,23
imagine,23
became,23
ashamed,23
frank,23
keep,23
bring,23
trying,23
written,23
entered,22
depend,22
till,22
begin,22
help,22
marry,22
hearing,21
attached,21
answered,21
agreed,21
call,20
understand,20
's,20
spoken,20
considering,20
knowing,20
dancing,20
telling,20
standing,20
forget,19
mean,19
considered,19
calling,19
knows,19
ask,19
wrote,19
pleasing,19
makes,19
looks,19
need,19
kept,18
delighted,18
paid,18
expect,18
occurred,18
lost,18
returning,17
talk,17
gives,17
remained,17
wonder,17
stand,17
joined,17
growing,17
arrived,17
doubt,17
knightley,17
shewed,17
passing,17
observed,16
proved,16
run,16
imagined,16
finding,16
smiled,16
amused,16
send,16
woodhouse,16
reached,16
listened,16
getting,16
repeated,16
end,15
promised,15
intended,15
opened,15
spent,15
waiting,15
fixed,15
walk,15
placed,15
caught,14
dare,14
thinks,14
tried,14
liked,14
try,14
following,14
sit,14
produced,14
invited,14
stay,14
tired,13
recommend,13
excepting,13
assured,13
proceeded,13
proposed,13
pleased,13
appears,13
staying,13
occupied,13
randalls,13
struck,13
stood,13
stopped,13
forgotten,13
marrying,13
required,13
like,13
acknowledged,12
seated,12
exclaimed,12
laughed,12
ill,12
becoming,12
elton,12
wait,12
admired,12
gratified,12
formed,12
suspected,12
disposed,12
return,12
please,12
meant,12
increased,12
admitted,12
begun,12
answer,11
mind,11
suffered,11
succeeded,11
living,11
receiving,11
turn,11
observe,11
paying,11
pass,11
glad,11
keeping,11
expecting,11
feared,11
desired,11
sight,11
wishing,11
arranged,11
closed,11
finished,11
fancying,11
become,11
disengaged,11
compared,11
harriet,10
parted,10
fell,10
endure,10
forced,10
judged,10
catch,10
asking,10
understanding,10
sake,10
secured,10
acknowledge,10
little,10
wants,10
accepted,10
laughing,10
enscombe,10
begged,10
induced,10
grew,10
advise,10
suffering,10
refused,10
deserved,10
ordered,10
putting,10
expressed,10
connected,10
deceived,10
deserve,10
drawing,10
rest,10
conveyed,10
bringing,9
increasing,9
trusted,9
prevented,9
tempted,9
drawn,9
loves,9
perceived,9
falling,9
accomplished,9
interesting,9
cared,9
agree,9
held,9
suffer,9
surprize,9
perry,9
recovered,9
failed,9
ran,9
collected,9
meeting,9
prepared,9
meaning,9
named,9
reserved,9
interrupted,9
chosen,9
resumed,9
behaved,9
hurrying,9
sorry,8
lay,8
writing,8
better,8
moving,8
encouraging,8
stop,8
mistake,8
proceed,8
frightened,8
removed,8
settle,8
regret,8
suspect,8
speaks,8
grow,8
ended,8
entering,8
attended,8
sure,8
grieved,8
offered,8
rose,8
confined,8
disappointed,8
expressing,8
suited,8
follow,8
good,8
takes,8
wretched,8
remain,8
refuse,8
missed,8
acting,8
seeming,8
leading,8
hundred,8
depended,8
suckling,8
raise,8
add,8
shewing,8
leaving,8
carrying,8
opening,8
dressed,8
dared,7
reconciled,7
london,7
affected,7
blushed,7
afforded,7
listen,7
recommended,7
object,7
grove,7
laid,7
depends,7
mortified,7
played,7
supposing,7
beloved,7
chuse,7
deal,7
recollect,7
guessed,7
sending,7
pretend,7
produce,7
hurried,7
quite,7
communicated,7
declared,7
encouraged,7
comprehend,7
endured,7
agitated,7
blessed,7
change,7
moved,7
blessing,7
observing,7
engaging,7
robert,7
fallen,7
dine,7
donwell,7
distressing,7
resolve,7
approaching,7
declined,7
approve,7
pressed,7
hoping,7
spend,7
continue,7
lose,7
sink,7
use,7
sort,7
account,7
meet,7
escaped,7
attending,7
spared,7
quitted,7
respect,7
thanked,7
command,7
mistaken,7
introduced,7
rendered,7
changed,6
hold,6
join,6
disturbed,6
john,6
snow,6
enjoyed,6
suggested,6
excited,6
detained,6
judge,6
astonished,6
happen,6
hurt,6
longed,6
prevent,6
favour,6
goes,6
quarrel,6
prefer,6
prove,6
watching,6
raised,6
thank,6
waited,6
carry,6
exploring,6
require,6
addressing,6
forming,6
reading,6
professed,6
judging,6
pressing,6
setting,6
rising,6
watched,6
doubted,6
ceased,6
prevailed,6
excuse,6
hurry,6
contrived,6
playing,6
anticipated,6
thrown,6
guess,6
accepting,6
approved,6
writes,6
visiting,6
creating,6
betrayed,6
danced,6
eating,6
remembered,6
parting,6
hopes,6
directed,6
concerned,6
chose,6
crossed,6
move,6
shut,6
submitted,6
alarmed,6
employed,6
avoid,6
lives,6
established,5
saved,5
drew,5
obtained,5
confirmed,5
attempt,5
borne,5
matter,5
tells,5
amusing,5
preferred,5
wedding,5
best,5
gratitude,5
boiled,5
save,5
appearing,5
losing,5
shaken,5
offering,5
attempted,5
restored,5
fancied,5
turns,5
wondering,5
avoiding,5
arise,5
occur,5
shake,5
introduce,5
arriving,5
_you_,5
impossible,5
alarming,5
justified,5
according,5
sleeping,5
pay,5
granted,5
_she_,5
provided,5
quitting,5
ladies,5
regard,5
included,5
dreadful,5
induce,5
acknowledging,5
pleasure,5
slighted,5
suspecting,5
assist,5
fancy,5
least,5
relieved,5
treated,5
play,5
colonel,5
fond,5
preparing,5
succeed,5
forgetting,5
animated,5
owed,5
mortifying,5
endeavour,5
presume,5
cut,5
dixon,5
provoking,5
continuing,5
suit,5
denying,5
draw,5
allowing,5
opposing,5
requires,5
degree,5
composed,5
remains,5
procuring,5
sought,5
holds,5
trifling,5
martins,5
cutting,5
confess,5
approached,5
recommending,5
belonged,5
shew,5
gained,5
carried,5
friends,5
assembled,4
increase,4
sinking,4
fairfax,4
enjoy,4
occasioned,4
supplied,4
deemed,4
ventured,4
worth,4
destined,4
endeavoured,4
welcomed,4
break,4
taught,4
threatened,4
recovering,4
oppose,4
rejected,4
inferred,4
fail,4
subject,4
improve,4
regretted,4
containing,4
delight,4
mentioning,4
succeeding,4
pain,4
permitted,4
consulting,4
inquiring,4
agreeing,4
handed,4
gets,4
died,4
happening,4
strengthened,4
advantage,4
denied,4
fatigued,4
advised,4
round,4
working,4
angry,4
visit,4
introducing,4
approving,4
hesitated,4
hears,4
paused,4
glancing,4
pointed,4
killed,4
prompted,4
catching,4
avoided,4
contained,4
care,4
contented,4
depressed,4
answering,4
flattered,4
cleared,4
discovered,4
staid,4
maintained,4
running,4
longing,4
severe,4
amazed,4
guided,4
stopt,4
subdued,4
promote,4
handsome,4
blinded,4
implied,4
sighing,4
enjoying,4
concluding,4
producing,4
presumed,4
compare,4
pushed,4
travelling,4
habits,4
shocking,4
harm,4
wondered,4
persuading,4
retired,4
sometimes,4
express,4
jane,4
conceited,4
described,4
indulging,4
belong,4
displeased,4
confessing,4
consulted,4
resolving,4
concluded,4
assisted,4
settling,4
receive,4
involved,4
examining,4
addressed,4
touched,4
announcing,4
praise,4
fetch,4
larkins,4
varied,4
fortunate,4
attend,4
trembling,4
divided,4
mention,4
accompanied,4
shaking,4
related,4
remove,4
announced,4
attach,4
visited,4
collecting,4
intending,4
bought,4
declining,4
admit,4
present,4
plain,4
concealing,4
happiness,4
exceed,4
assuming,4
reaching,4
guard,4
pardon,3
desirable,3
softened,3
affect,3
hanging,3
persuade,3
reckoned,3
secure,3
explained,3
therefore,3
expose,3
work,3
entertained,3
shook,3
overpowered,3
provide,3
enter,3
distinguishing,3
owned,3
driving,3
evil,3
comforted,3
dwell,3
deserving,3
imprudent,3
assisting,3
aunt,3
entertaining,3
ending,3
spite,3
bed,3
disdain,3
faces,3
vain,3
apprehended,3
trusting,3
easy,3
applied,3
stopping,3
campbells,3
afraid,3
possessed,3
farther,3
exclaiming,3
advanced,3
sends,3
flatter,3
proceeding,3
honoured,3
pondered,3
refined,3
quiet,3
offer,3
separated,3
overhearing,3
astonishing,3
marking,3
devoted,3
presented,3
irritated,3
honour,3
supplying,3
marked,3
live,3
opposed,3
valued,3
rejoiced,3
write,3
quarrelled,3
half,3
stir,3
stooping,3
girl,3
musing,3
view,3
blind,3
silenced,3
striking,3
submit,3
drove,3
checked,3
proving,3
representing,3
recover,3
form,3
shocked,3
believing,3
whispered,3
reigns,3
cares,3
educated,3
contrive,3
changing,3
renewed,3
hint,3
listening,3
animating,3
caring,3
welcome,3
exciting,3
throw,3
act,3
endeavouring,3
removing,3
delayed,3
describe,3
admiring,3
discerned,3
repent,3
thousand,3
calls,3
preserved,3
belonging,3
puzzled,3
fall,3
past,3
witnessed,3
praised,3
horses,3
offended,3
neglected,3
seized,3
disgraced,3
committed,3
abbey,3
detected,3
prejudiced,3
surrounded,3
disagree,3
forgive,3
difficulty,3
relate,3
reflected,3
kinder,3
entreated,3
bowed,3
scattered,3
darted,3
feels,3
x,3
missing,3
sold,3
improved,3
acted,3
tolerate,3
owing,3
open,3
remaining,3
pronounced,3
behave,3
deserves,3
placing,3
question,3
long,3
raising,3
motive,3
smiles,3
papa,3
william,3
averting,3
excluded,3
recollected,3
recur,3
exercise,3
sing,3
safer,3
clever,3
started,3
highbury,3
united,3
bathing,3
including,3
perfect,3
revived,3
covered,3
warm,3
be.,3
completed,3
distinguished,3
pianoforte,3
supplanted,3
provoked,3
offend,3
deny,3
questioned,3
perceiving,3
occasion,3
guessing,3
acquired,3
flattering,3
assure,3
conclude,3
withdrawn,3
quit,3
hawkins,3
copied,3
pity,3
promoted,3
helped,3
conceived,3
well,3
home,3
liking,3
neglecting,3
distressed,3
promise,3
quarrelling,3
rejoice,3
support,3
eat,3
carriage,3
convince,3
naming,3
worse,3
lasted,3
baked,3
sashed,2
resist,2
child,2
protest,2
hating,2
unfeeling,2
snowing,2
rouse,2
conjecture,2
dispense,2
bewildered,2
prize,2
clothed,2
consenting,2
conduce,2
abrupt,2
worse.,2
adopt,2
known.,2
removal,2
incommoded,2
abusing,2
engaged.,2
brings,2
midst,2
striving,2
wore,2
refusing,2
defer,2
preserving,2
dignified,2
grant,2
maintain,2
suggest,2
roused,2
wine,2
fix,2
glanced,2
safe,2
downright,2
schemes,2
forgot,2
sounds,2
swell,2
discomposed,2
needed,2
_say_,2
begins,2
older,2
spoiled,2
sees,2
respecting,2
advising,2
seek,2
subduing,2
grave,2
aspired,2
alluded,2
cousins,2
explain,2
borrowed,2
perceive,2
exulting,2
runs,2
coles,2
swept,2
resigned,2
solicitude,2
xvi,2
wear,2
disengage,2
planned,2
receives,2
height,2
ease,2
natured,2
worked,2
diverted,2
been.,2
employ,2
trimming,2
remembering,2
ix,2
slighting,2
sheltered,2
entitled,2
rain,2
insisted,2
failing,2
resuming,2
greatest,2
claims,2
doated,2
regarded,2
wright,2
boasted,2
misled,2
cooled,2
eyeing,2
born,2
escape,2
christmas,2
dined,2
ensure,2
pays,2
son,2
thankful,2
crowd,2
avail,2
head,2
learned,2
comprehending,2
bred,2
exerting,2
protested,2
misinterpreted,2
convincing,2
bestowed,2
blushing,2
governed,2
leads,2
rousing,2
string,2
congratulating,2
airing,2
sighed,2
banished,2
sigh,2
shared,2
filled,2
satisfy,2
dissipated,2
studied,2
useful,2
humour,2
betraying,2
quivering,2
sharing,2
afford,2
ignorant,2
aired,2
recalled,2
december,2
confused,2
averted,2
revealed,2
amuse,2
snowed,2
imagining,2
furnished,2
displayed,2
bewitching,2
cold,2
cole,2
lies,2
nodding,2
scolded,2
chusing,2
shewn,2
neighbourhood,2
suggesting,2
advance,2
place,2
benefited,2
fetched,2
disinterested,2
eyes,2
reappeared,2
ridiculous,2
affronted,2
persevering,2
confessed,2
buried,2
note,2
dining,2
transcribed,2
urge,2
altered,2
clearer,2
pair,2
drive,2
dispersed,2
excepted,2
surrender,2
thanking,2
partake,2
fainted,2
husband,2
burst,2
declares,2
multiplied,2
blame,2
fried,2
considers,2
sensible,2
informed,2
cast,2
cure,2
promising,2
raptures,2
commanded,2
reminded,2
refusal,2
driven,2
delicate,2
justify,2
cease,2
touch,2
kingdom,2
earnest,2
exposed,2
calculated,2
table,2
freed,2
communicate,2
inviting,2
lasting,2
sneering,2
determine,2
heated,2
prepare,2
you.,2
strikes,2
rush,2
applying,2
practising,2
affection,2
exhausted,2
sanguine,2
gaining,2
_very_,2
sound,2
coloured,2
accompanying,2
reminding,2
employing,2
ten,2
displays,2
destroyed,2
stretching,2
requiring,2
aimed,2
particular,2
respected,2
recall,2
escorted,2
learn,2
knocked,2
prompt,2
influenced,2
comfort,2
rude,2
communicating,2
appealed,2
proclaimed,2
chiefly,2
crowded,2
deserted,2
renewing,2
alter,2
propose,2
dealing,2
hard,2
projected,2
tiresome,2
circumstance,2
teach,2
cheering,2
consequence,2
indebted,2
threatening,2
smoothed,2
spirited,2
alluding,2
exert,2
built,2
comprehended,2
freshened,2
admire,2
joining,2
detaining,2
betray,2
hit,2
imparted,2
pretending,2
pleasures,2
gloves,2
rivet,2
signify,2
achieved,2
learnt,2
superseded,2
degrading,2
simple,2
favouring,2
adjoining,2
asserted,2
ireland,2
boy,2
resisted,2
bateses,2
reads,2
lodged,2
ready,2
esteemed,2
husbands,2
flown,2
equalled,2
letting,2
complying,2
complains,2
bid,2
entangled,2
imposed,2
d,2
understood,2
hazarded,2
claimed,2
reach,2
step,2
concealed,2
relating,2
framed,2
behaving,2
spending,2
signified,2
doating,2
boys,2
persisting,2
gratifying,2
cheeks,2
influence,2
excused,2
evils,2
fears,2
preventing,2
excuses,2
rested,2
restrained,2
happier,2
presenting,2
objected,2
cheerful,2
compose,2
rejoined,2
blended,2
dislike,2
foretell,2
refer,2
comforts,2
appeased,2
pushing,2
objects,2
dissuade,2
securing,2
danger,2
manage,2
apply,2
desiring,2
affording,2
congratulated,2
assuring,2
agreeable,2
disgust,2
becomes,2
retreated,2
point,2
hesitate,2
delay,2
struggled,2
yielded,2
flew,2
kindness,2
furnish,2
indulged,2
gallant,2
sufficed,2
saving,2
cured,2
pitied,2
indisposed,2
proposing,2
consoling,2
beg,2
chuses,2
mermaid,2
venturing,2
_i_,2
spirits,2
watch,2
touching,2
fear,2
agrees,2
earned,2
gratify,2
recollecting,2
muttering,2
summon,2
clearing,2
reprobating,2
exclaim,2
equal,2
conquered,2
distinguish,2
whispering,2
taste,2
devoting,2
c.,2
welcoming,2
persevered,2
handwriting,2
cross,2
glaring,2
residing,2
injured,2
slave,2
colouring,2
judgment,2
appropriated,2
restore,2
less,2
smith,2
warrant,2
match,2
checking,2
sofa,2
repressed,2
lead,2
gain,2
signed,2
cake,2
piece,2
relates,2
kissed,2
nursed,2
limited,1
yellow,1
scouted,1
captain,1
hate,1
feeding,1
calculate,1
scold,1
presents,1
voted,1
teaching,1
regrets,1
risk,1
rise,1
misunderstanding,1
stipulate,1
depreciating,1
hindered,1
stabbed,1
encounter,1
disturb,1
executing,1
shows,1
dwindled,1
force,1
diverting,1
preached,1
direct,1
_bride_,1
slumbering,1
elegant,1
hundred.,1
estimated,1
incompatible,1
solemn,1
contributed,1
unwholesome,1
speedy,1
consisting,1
reviving,1
disappoint,1
insolent,1
leaning,1
kindred,1
richest,1
daughter,1
leaves,1
permit,1
punishment,1
eyebrows,1
civilities,1
feelings,1
patience,1
drowned,1
cherishing,1
lessening,1
resent.,1
strike,1
tolerated,1
acceded,1
aware,1
sobering,1
excellent,1
irksome,1
disappointing,1
blooming,1
route,1
unmarked,1
indicated,1
overheard,1
indifferent,1
advancing,1
softening,1
hot,1
pilfering,1
desponding,1
elizabeth,1
undergoing,1
replacing,1
demanding,1
purchase,1
third,1
deplore,1
wind,1
origin,1
modesty,1
consent,1
enquiring,1
dwelling,1
rewarded,1
fit,1
chatty,1
easier,1
overcome,1
enrich,1
educating,1
indulge,1
rumour,1
secured.,1
_with_,1
filling,1
captivated,1
leaned,1
side,1
fathomed,1
lifted,1
correct.,1
impede,1
prolonged,1
schemed,1
precedes,1
dispiriting,1
conjectures,1
misfortune,1
forwarding,1
restricted,1
forty,1
encourage,1
lain,1
standard,1
admits,1
dashing,1
fastening,1
certified,1
created,1
_secret_,1
relenting,1
vouchsafing,1
render,1
supper,1
featured,1
thick,1
her.,1
dwelt,1
service,1
wants.,1
xii,1
concise,1
twisted,1
explains,1
xiv,1
consented,1
serve,1
wasted,1
requisite,1
matting,1
mercy,1
anxiety,1
classed,1
surrounding,1
tree,1
shower,1
guilt,1
design,1
superadded,1
forfeited,1
mine,1
deprived,1
impelled,1
regulate,1
subjects,1
doomed,1
mouth,1
commanding,1
exercises,1
contain,1
alarm,1
flow,1
stating,1
accounted,1
fitted,1
reserve,1
renting,1
pardoned,1
inspire,1
outlived,1
terror.,1
liberty,1
touches,1
resisting,1
resemblance,1
folded,1
bordered,1
rich,1
pursuing,1
heartily,1
rest.,1
rejoicing,1
degradation,1
wallis,1
haunted,1
nurse,1
covering,1
exchanged,1
gather,1
esteeming,1
linguist,1
headed,1
decides,1
habit,1
miserable,1
impending,1
consciousness,1
extend,1
adding,1
confusion,1
stared,1
twinkling,1
curiosity.,1
store,1
goodnatured,1
fault,1
demanded,1
exceeds,1
expense,1
prospect,1
tone,1
wearying,1
undoubting,1
trust,1
now.,1
asks,1
deprecated,1
particulars,1
were.,1
startled,1
threw,1
refuted,1
attacked,1
suppress,1
affixed,1
harboured,1
contemplated,1
affirm,1
lessen,1
misconstrued,1
neat,1
manoeuvring,1
dictate,1
sting,1
ii,1
shame,1
eighteen,1
anticipating,1
perform,1
confesses,1
wound,1
material.,1
haphazard,1
preconceived,1
monarch,1
declaring,1
differing,1
greeted,1
confiding,1
blamed,1
prescribed,1
immaterial,1
redeem,1
replied.,1
tormenting,1
wedging,1
departed,1
ideas,1
dreamt,1
campbell,1
errand,1
character,1
intends,1
ma'am,1
spread,1
bustle,1
tricking,1
inflicting,1
destroy,1
partridge,1
swelled,1
cooler,1
gifted,1
stept,1
overrated,1
augur,1
enlivened,1
impair.,1
crown,1
dead,1
embodied,1
detecting,1
wingfield,1
contributing,1
suspected.,1
palatable,1
dropped,1
idolized,1
moralised,1
conceal,1
accepts,1
'if,1
dinner,1
commit,1
amounted,1
obtaining,1
administer,1
errs,1
existed,1
waits,1
suffice,1
flying,1
fight,1
stuck,1
resulted,1
happy,1
washed,1
snows,1
so.,1
nodded,1
assented,1
evinced,1
absent,1
se'nnight,1
bargain,1
hautboys,1
submitting,1
originating,1
promises,1
darting,1
exist,1
fidget,1
dying,1
interested,1
holding,1
conferring,1
tie,1
picture,1
delivered,1
transported,1
deathbed,1
wounded,1
flushed,1
intimacy,1
undoubted,1
managed,1
varying,1
eldest,1
horseback,1
mild,1
displaying,1
discern,1
mounted,1
rambling,1
different.,1
father,1
disgusting,1
contemplating,1
passage,1
charge,1
unpleasant,1
promoting,1
discovering,1
inspiriting,1
none,1
locked,1
pore,1
discover,1
lengthened,1
cost,1
worn,1
penetrated,1
educate,1
forbearance,1
assistance,1
contracted,1
deadening,1
amounting,1
subsided,1
entertain,1
irritate.,1
implanted,1
thirty,1
dusty,1
pause,1
sample,1
conniving,1
astley,1
handled,1
'love,1
suffered.,1
pert,1
ripening,1
lessened,1
teased,1
acceptable,1
fatiguing,1
refrain,1
riding,1
fly,1
inflamed,1
believes,1
detached,1
refine,1
clothing,1
recited,1
s.,1
absenting,1
foreboded,1
swayed,1
professing,1
disgusted,1
mad,1
scalloped,1
wainscot,1
recollect.,1
candles,1
june,1
travel,1
breaking,1
availing,1
genteel,1
argued,1
blocked,1
trifle,1
amazing,1
inflicted,1
window,1
offers,1
farmer,1
elton's,1
conveying,1
fling,1
plainest,1
remonstrated,1
overpowering,1
reckoning,1
possess,1
name,1
_him_,1
subjection,1
shews,1
wrap,1
yield,1
paling,1
intercourse,1
sooner,1
abide,1
appointed,1
assurance,1
overflowing,1
hairdresser,1
ascertain,1
contemplation,1
corroborating,1
envied,1
first,1
surviving,1
comprised,1
fetches,1
ring,1
xv,1
discharged,1
disappointment,1
silent,1
lightened,1
cooling,1
dews,1
replete,1
puddle,1
lingering,1
seduced,1
much.,1
released,1
rival,1
protected,1
wins,1
wandering,1
enhanced,1
angel,1
rained,1
suspense,1
lurking,1
exchanging,1
breakfast,1
hitherto,1
overcoming,1
supply,1
falls,1
boiling,1
hesitated.,1
proud,1
blockhead,1
dorking,1
jumped,1
trembled,1
shop,1
regulated,1
pencilled,1
imagines,1
foresaw,1
merit,1
shod,1
curled,1
enough,1
cautioned,1
stain,1
dreaded,1
guarded,1
regarding,1
artist,1
borrow,1
requesting,1
experience,1
discussing,1
smallridge,1
imposing,1
ruined,1
dreadful.,1
fails,1
behind,1
illiberal,1
pained,1
hurts,1
contend,1
conversed,1
repeating,1
residence,1
resided,1
probable,1
dated,1
solicited,1
spare,1
competent,1
unprovided,1
riddle,1
inclining,1
afterwards,1
despaired,1
fair.,1
constant,1
_have_,1
suppressed,1
sufferable,1
create.,1
deposited,1
combined,1
discontinuing,1
robbed,1
spirit,1
felling,1
apologised,1
hughes,1
isabella,1
scorned,1
divined,1
fashioned,1
palliate,1
coupled,1
engages,1
worry,1
inquire,1
attributing,1
bows,1
unperceived,1
finish,1
enjoyment,1
noticing,1
despatched,1
unasked,1
vowed,1
complained,1
weakened,1
band,1
swisserland,1
sinned,1
lady,1
quicksighted,1
doctoring,1
weymouth,1
dashed,1
model,1
otherwise,1
gates,1
composing,1
resolution,1
valuable,1
risking,1
disperse,1
abstained,1
blow,1
presumption,1
hereabouts,1
instrument,1
disputing,1
enquired,1
exult,1
gloom,1
caro,1
sorry.,1
using,1
fondling,1
acute,1
fortune,1
heightened,1
stranger,1
waiving,1
sack,1
respectable,1
fluttered,1
pronounce,1
encumbered,1
apprehending,1
imputed,1
inhabited,1
restoring,1
intimate,1
uneasy,1
visits,1
terrified,1
accompany,1
helping,1
conducting,1
intolerable,1
discussed,1
journey,1
waded,1
deranged,1
lands,1
rued,1
spreading,1
england,1
stare,1
attaching,1
acquiesced,1
forwarded,1
start,1
sealed,1
attends,1
disclaiming,1
complete,1
fidgetiness,1
preceded,1
downstairs,1
abused,1
_now_,1
poison,1
impute,1
dirty,1
dispensing,1
connect,1
dawdling,1
taylor,1
hated,1
deep,1
examine,1
arises,1
smartened,1
tedious,1
high,1
unwelcome,1
beaming,1
administered,1
dispelled,1
wet.,1
forcing,1
requested,1
separate,1
walk.,1
accosted,1
deriving,1
bounded,1
decorated,1
does.,1
tricks,1
sounded,1
discreet,1
starting,1
sucklings',1
alarming.,1
pointing,1
_thoughts_,1
testify,1
welfare,1
talks,1
sung,1
causes,1
reproaching,1
referring,1
hunting,1
misses,1
dance,1
westons,1
smile,1
hill,1
relieve,1
worst,1
decide,1
darling,1
wholesome.,1
washing,1
deficient,1
ingratitude,1
laying,1
sang,1
danger.,1
tea,1
healed,1
prevails,1
practised,1
carriages,1
appreciating,1
situated,1
advantageous,1
forestall,1
protesting,1
him.,1
blundered,1
escaping,1
grudged,1
compressed,1
mourning,1
awakened,1
interposed,1
brutal,1
perceive.,1
_all_,1
pick,1
obtrude,1
luck,1
knightley's,1
_that_,1
capital,1
_lady_,1
beheld,1
establish,1
enlightened,1
select,1
post.,1
distinct,1
reproach,1
comparing,1
anger,1
wavering,1
brunswick,1
lowering,1
door,1
corrected,1
landed,1
broke,1
disapproved,1
duped,1
malt,1
salted,1
accept,1
autumn,1
purchased,1
sense,1
disliked,1
firmly,1
needs,1
awkward,1
plans,1
stayed,1
party.,1
glowing,1
sacred,1
relinquished,1
unattended,1
creature,1
emulate,1
derived,1
agitating,1
reflect,1
blood,1
_not_,1
blush,1
woods.,1
eats,1
blunder,1
wishes,1
dread,1
shade,1
dispersing,1
dream,1
defying,1
existence,1
inquiries,1
rooted,1
labours,1
bosom,1
symptoms,1
surprizes,1
it.,1
hurting,1
sucking,1
nestled,1
seeking,1
transcribing,1
deliberating,1
reigning,1
rank,1
detach,1
hearts,1
divested,1
mathematician,1
all.,1
truths,1
die,1
friendship,1
exquisite,1
pleasanter,1
heavy,1
weight,1
needless,1
colder,1
oppressed,1
extended,1
anxious,1
hodges,1
resolved.,1
denotes,1
engrossing,1
flowed,1
denoted,1
fortitude,1
issue,1
plotting,1
bearing,1
rises,1
retained,1
unbecoming,1
indulgent,1
diffuses,1
anecdote,1
confirming,1
arose,1
feed,1
engagement,1
_was_,1
elder,1
enlarged,1
murmured,1
blank,1
mixing,1
fearing,1
st.,1
shilling,1
pains,1
regained,1
show,1
headache,1
shifted,1
warmly,1
lavished,1
immediate,1
outgrown,1
drunkenness,1
inventing,1
unmentioned,1
supposes,1
hesitating,1
bride,1
gratefully.,1
teazed,1
declare,1
deciding,1
classing,1
beforehand,1
depending,1
conquering,1
build,1
insufferable,1
experienced,1
harriet's,1
effecting,1
pondering,1
hired,1
charm,1
eaten,1
measured,1
understands,1
reward,1
seize,1
windows,1
dissolved,1
attacking,1
vaunted,1
gold,1
swelling,1
reassembled,1
flirted,1
defended,1
corresponded,1
heavens,1
fine,1
forward.,1
justice,1
pretty,1
criticising,1
indifference,1
resent,1
reply,1
testifying,1
doubled,1
tottering,1
river,1
insane,1
braithwaites,1
throwing,1
enabled,1
formerly.,1
dispensed,1
sea,1
close,1
excusable,1
skill,1
desires,1
nailed,1
smallest,1
lamenting,1
brewing,1
surprized.,1
perplexed,1
offending,1
bell,1
harbour,1
improper,1
churchill's,1
likes,1
rave,1
decline,1
damp,1
overlook,1
mustered,1
practicable,1
coarse,1
affectionate,1
fire,1
chatted,1
aye,1
awake,1
confess.,1
uncertain,1
enchanted,1
wallises,1
error,1
endanger,1
guide,1
pack,1
encountered,1
confound,1
owes,1
vanish,1
renounced,1
james,1
fetching,1
knitting,1
engrossed,1
_first_,1
some.,1
predominated,1
restraint,1
holidays,1
flurry,1
purpose,1
necessity,1
haunting,1
wheres,1
objecting,1
magnified,1
cheer,1
heir-expectant,1
grievance,1
shivering,1
roasted,1
procrastinating,1
wounding,1
excites,1
parents,1
obtruding,1
officiating,1
demands,1
defies,1
advocate,1
wiser,1
bit,1
follows,1
balls,1
resorted,1
collect,1
ingratiating,1
sketch,1
disinclined,1
strongest,1
loser,1
selfishness,1
describing,1
singing,1
exceeding,1
connecting,1
dating,1
approves,1
son's,1
clownish,1
descried,1
served,1
dictated,1
shine,1
feigning,1
cautious,1
housekeeping,1
forgave,1
alert,1
hatred,1
stoops,1
encumbrance,1
enduring,1
surry,1
retaining,1
repaid,1
remembrance,1
drifted,1
smells,1
impressed,1
goodhumoured,1
occupy,1
grammarian,1
opens,1
invite,1
coldest,1
chancing,1
peeped,1
defined,1
likewise,1
associates,1
treasuring,1
puzzling,1
fixing,1
adoring,1
_doubts_,1
ornamented,1
retract,1
confine,1
oblige,1
pretended,1
lent,1
dint,1
reproached,1
fagged,1
sore,1
resign,1
amuses,1
underrated,1
footing,1
issued,1
congratulate,1
shrugged,1
'have,1
delegating,1
graver,1
daring,1
fenced,1
_invite_,1
'not,1
kitty,1
crosser,1
forgiven,1
kindled,1
disclaimed,1
suit.,1
dealt,1
rack,1
slow,1
transgressed,1
disordered,1
enclosed,1
nephew,1
ardent,1
languor,1
plays,1
transplanted,1
worshipping,1
relented,1
portionless,1
richmond,1
pleading,1
large.,1
charade,1
body,1
leg,1
sins,1
unsuspected.,1
repressing,1
extreme,1
engage,1
broken,1
coddling,1
resulting,1
delays,1
distresses,1
foresee,1
forbid,1
win,1
distrusted,1
deciphered,1
ninth,1
boasts,1
_there_,1
next,1
predict,1
forestalling,1
butler,1
noisy,1
assailed,1
comparison,1
inclined,1
mend,1
arranging,1
iii,1
inclines,1
incline,1
unequalled,1
crosses,1
ride,1
pour,1
dropt,1
proof,1
rode,1
pulling,1
bend,1
parlour,1
carries,1
lamp,1
fidgeting,1
attachment,1
meditated,1
speech.,1
fare,1
relapsing,1
ceasing,1
entrapped,1
sir,1
portioning,1
hazard,1
fatigue,1
awkwardness,1
acquitted,1
alloy,1
lined,1
committed.,1
produces,1
contriving,1
arrangement,1
superior,1
'aimable,1
_greater_,1
winning,1
resorting,1
restrain,1
offence.,1
earn,1
hands,1
worlds,1
february,1
entitling,1
undertaking,1
preclude,1
moralising,1
delightful,1
overcharged,1
dreaming,1
pursuits,1
society,1
separating,1
differ,1
wander,1
concealment.,1
disgusts,1
cure.,1
remiss,1
thriving,1
extricated,1
befriended,1
overtake,1
determining,1
hinting,1
explored,1
pudding,1
repulsed,1
qualifying,1
retain,1
reverse.,1
staggered,1
soothing,1
embarrassed,1
improving,1
gloried,1
bears,1
detailing,1
attack,1
enough.,1
wrapped,1
lacing,1
foretelling,1
misunderstood,1
stomach,1
acquire,1
folly.,1
reflecting,1
vouchsafed,1
varieties,1
spurn,1
parlour-boarder,1
insignificance,1
thwarted,1
labouring,1
comfortably,1
pitiable,1
delineated,1
disturbing,1
constrained,1
assurances,1
viewed,1
aladdin,1
pursued,1
purchasing,1
mix,1
disclosure,1
lodgings,1
familiarise,1
lectured,1
refreshing,1
seconded,1
_he_,1
constrain,1
ensued,1
parish,1
wilful,1
absorbing,1
pleases,1
demurred,1
planning,1
utter,1
envy,1
knowledge,1
quickened,1
prolong,1
rendering,1
inherited,1
attained,1
indignant,1
joint,1
doubtful,1
secret,1
glossed,1
sha,1
compliment,1
dangerous,1
shedding,1
sunk,1
unwell,1
burying,1
exerted,1
waverings,1
breathe,1
accused,1
desperate,1
refrained,1
humane,1
surmised,1
destiny,1
closet,1
cruel,1
tend,1
horrible,1
tens,1
combated,1
weighing,1
interfere,1
merry,1
figured,1
instant,1
asunder,1
attributed,1
stirring,1
bristol,1
invites,1
detailed,1
authorised,1
done.,1
gaze,1
entitle,1
selina,1
senses,1
corresponding,1
proudest,1
sufficient,1
assert,1
_may_,1
hautboy,1
sacrificing,1
appearance,1
augusta,1
deem,1
overrating,1
prosing,1
chattering,1
inherits,1
apprehend,1
examined,1
wanted.,1
hearted,1
serle,1
servants,1
brightened,1
incumbent,1
privileged,1
travelled,1
eccentric,1
upon,1
commended,1
recourse,1
whole,1
colour,1
amends,1
qualified,1
scruples,1
raving,1
realised,1
bending,1
_most_,1
surpass,1
protecting,1
drunk,1
discuss,1
honouring,1
hastening,1
raved,1
wet,1
impassable,1
ample,1
articles,1
crushed,1
unseen,1
amply,1
condescending,1
inheriting,1
safest,1
exertions,1
martin,1
works,1
tempered,1
hasten,1
warmer,1
recommendation,1
proper,1
happens,1
knightley.,1
adventuring,1
screwed,1
pleasanter.,1
contradicted,1
prohibited,1
worthy,1
'you,1
adversary,1
christened,1
inconsiderate,1
sister,1
himself.,1
dependence,1
urged,1
merited,1
foretold,1
coachman,1
gainer,1
imaginist,1
articulate,1
esteem,1
lamented,1
prepossessing,1
rushed,1
mad.,1
meadows,1
noticed,1
complimented,1
specimens,1
buy,1
blaming,1
plague,1
ought.,1
count,1
wise,1
chained,1
inquired,1
urging,1
friend.,1
penetrating,1
replying,1
recovered.,1
devise,1
whisper,1
kingston,1
denote,1
goodness,1
openness,1
foreseeing,1
claiming,1
detain,1
amusement,1
behold,1
disposing,1
draught,1
tranquillised,1
in.,1
stirred,1
rule,1
entreat,1
